Airline,NumFlights,AverageDelay,AverageDelay_CARRIER_DELAY,AverageDelay_WEATHER_DELAY,AverageDelay_NAS_DELAY,AverageDelay_SECURITY_DELAY,AverageDelay_LATE_AIRCRAFT_DELAY,Year,Month
9E,22287,11.02,15.55,2.47,17.25,0.02,15.5,2009,01
9E,20200,6.68,15.9,3.62,16.95,0.03,15.15,2009,02
9E,22575,7.51,19.59,2.64,14.51,0.04,16.65,2009,03
9E,22039,7.26,17.9,2.98,15.48,0.02,13.88,2009,04
9E,22023,6.82,15.92,2.51,15.72,0.05,12.91,2009,05
9E,22381,10.27,20.96,3.51,12.92,0.09,15.9,2009,06
9E,23889,11.71,18.03,2.54,13.81,0.02,18.89,2009,07
9E,23063,11.56,18.65,2.43,14.36,0.04,18.25,2009,08
9E,41650,7.28,17.04,2.85,15.82,0.02,13.02,2009,09
9E,20625,4.9,20.02,2.57,12.52,0.04,16.66,2009,11
9E,21537,13.44,16.54,2.2,15.61,0.03,15.98,2009,12
AA,47739,13.5,17.74,6.28,15.3,0.02,18.01,2009,01
AA,42915,10.25,21.01,1.47,16.69,0.01,15.73,2009,02
AA,47819,13.16,21.21,2.1,17.7,0.01,17.69,2009,03
AA,45605,16.96,18.18,2.93,21.59,0.01,22.94,2009,04
AA,46622,13.46,17.99,3.16,19.17,0.02,18.85,2009,05
AA,46140,19.79,21.66,5.54,16.68,0.02,21.21,2009,06
AA,47674,17.31,21.47,3.96,13.94,0.02,20.8,2009,07
AA,47470,13.56,19.6,4.48,13.29,0.1,19.56,2009,08
AA,88270,8.57,23.33,3.63,13.51,0.02,16.32,2009,09
AA,43737,6.98,25.12,0.97,11.48,0.01,13.98,2009,11
AA,46065,16.46,17.99,6.15,17.2,0.08,19.19,2009,12
AS,11212,14.81,14.6,2.84,14.29,0.08,18.21,2009,01
AS,10299,12.1,12.73,1.89,15.41,0.18,16.04,2009,02
AS,11444,14.47,11.58,3.13,14.24,0.15,18.1,2009,03
AS,11060,7.95,14.63,0.88,13.82,0.09,13.44,2009,04
AS,11796,7.29,14.53,0.56,13.11,0.15,14.07,2009,05
AS,12138,7.87,14.57,1.01,11.84,0.14,14.39,2009,06
AS,12786,7.01,20.01,1.18,9.51,0.17,15.9,2009,07
AS,12652,7.14,15.03,2.15,10.57,0.23,13.69,2009,08
AS,22516,5.15,17.98,0.81,11.53,0.08,11.98,2009,09
AS,10483,6.08,16.84,2.29,11.67,0.05,16.08,2009,11
AS,10754,8.8,15.29,3.64,14.42,0.09,18.15,2009,12
B6,16261,13.93,14.55,1.06,18.64,0.08,20.07,2009,01
B6,15087,11.65,15.93,0.28,21.17,0.05,21.55,2009,02
B6,17149,12.89,15.74,1.36,23.6,0.03,21.02,2009,03
B6,16899,17.73,14.87,2.44,28.12,0.04,21.91,2009,04
B6,16218,14.17,16.34,0.45,25.08,0.04,17.37,2009,05
B6,16504,21.17,17.66,1.8,29.85,0.01,22.94,2009,06
B6,17480,20.06,20.67,1.13,28.26,0.1,24.79,2009,07
B6,17375,15.89,20.2,0.85,22.29,0.11,22.25,2009,08
B6,28992,6.59,32.62,0.18,15.99,0.02,2.83,2009,09
B6,15370,6.24,15.98,0.56,18.09,0.0,16.92,2009,11
B6,16774,19.5,17.61,1.22,16.65,0.11,23.6,2009,12
CO,21298,12.32,12.32,2.79,23.87,0.28,9.68,2009,01
CO,19868,13.83,10.9,2.26,32.56,0.16,10.64,2009,02
CO,22952,14.84,11.75,2.27,26.8,0.12,13.02,2009,03
CO,22040,20.97,14.49,4.96,32.86,0.15,19.2,2009,04
CO,21950,9.72,11.77,1.52,29.78,0.07,9.35,2009,05
CO,22171,12.98,12.24,3.19,31.3,0.14,15.23,2009,06
CO,23193,13.53,15.06,2.91,24.31,0.2,16.77,2009,07
CO,22905,11.03,16.83,2.27,23.39,0.32,15.21,2009,08
CO,38474,6.23,13.83,0.74,19.59,0.16,6.59,2009,09
CO,20218,8.06,17.47,0.92,19.85,0.08,13.32,2009,11
CO,21377,16.49,14.08,4.39,19.22,0.4,14.42,2009,12
DL,36066,10.77,10.77,1.79,18.65,0.02,12.62,2009,01
DL,32600,8.76,10.67,1.63,21.88,0.02,10.93,2009,02
DL,36764,13.74,12.04,2.41,21.27,0.0,16.48,2009,03
DL,35184,14.61,14.97,2.95,22.56,0.01,18.07,2009,04
DL,35230,11.31,10.2,0.88,20.45,0.0,12.35,2009,05
DL,35467,14.39,15.76,1.76,22.56,0.02,16.46,2009,06
DL,37145,15.72,16.9,2.2,21.28,0.02,19.73,2009,07
DL,37146,12.09,15.49,1.41,19.49,0.0,15.19,2009,08
DL,69376,10.96,16.65,2.41,21.47,0.03,14.99,2009,09
DL,35778,6.49,15.05,0.45,20.03,0.01,10.46,2009,11
DL,35280,12.25,14.46,1.94,19.23,0.06,13.99,2009,12
EV,23307,16.52,13.56,2.34,13.94,0.03,21.66,2009,01
EV,21452,11.71,14.86,1.86,15.84,0.02,19.49,2009,02
EV,25421,24.64,13.15,2.61,17.64,0.01,31.96,2009,03
EV,24770,19.84,15.05,4.75,17.93,0.01,27.74,2009,04
EV,25124,16.36,12.98,1.74,15.73,0.01,21.59,2009,05
EV,27822,16.15,18.76,2.71,13.05,0.03,25.08,2009,06
EV,29197,21.28,14.09,3.31,18.71,0.02,30.23,2009,07
EV,27952,18.71,14.33,1.97,16.32,0.02,27.0,2009,08
EV,45550,16.81,14.15,2.2,19.55,0.01,21.0,2009,09
EV,24584,10.52,14.79,1.11,16.59,0.0,18.1,2009,11
EV,23517,16.67,14.63,2.85,19.2,0.07,25.34,2009,12
F9,7197,11.9,13.4,0.83,19.27,0.0,10.62,2009,01
F9,6524,7.9,11.65,0.26,16.45,0.0,9.14,2009,02
F9,7291,11.79,8.59,2.21,14.41,0.0,24.16,2009,03
F9,7106,11.97,9.8,1.43,13.81,0.0,23.39,2009,04
F9,7711,9.33,8.93,0.92,13.74,0.0,19.78,2009,05
F9,7658,17.38,8.03,1.61,15.15,0.0,25.06,2009,06
F9,7928,14.14,10.23,1.02,13.29,0.0,24.74,2009,07
F9,7861,8.45,9.17,1.21,12.1,0.0,20.76,2009,08
F9,14466,5.66,11.19,0.39,10.15,0.0,17.66,2009,09
F9,6671,6.83,12.92,0.0,10.45,0.0,20.07,2009,11
F9,6589,16.69,8.86,0.68,13.38,0.0,23.78,2009,12
FL,19450,11.45,8.8,0.7,15.08,0.0,20.84,2009,01
FL,18314,10.48,8.86,0.17,16.25,0.0,25.67,2009,02
FL,21283,15.49,6.89,1.42,18.7,0.0,30.0,2009,03
FL,20510,14.01,6.98,1.14,19.52,0.0,33.96,2009,04
FL,21264,13.36,7.54,0.18,15.9,0.0,26.72,2009,05
FL,22161,16.07,9.13,0.51,18.53,0.0,33.86,2009,06
FL,23195,19.94,10.68,0.2,16.15,0.0,35.3,2009,07
FL,22750,15.02,8.64,0.51,15.29,0.0,29.44,2009,08
FL,38846,10.25,9.04,0.32,18.52,0.0,28.02,2009,09
FL,20920,9.46,7.66,0.02,13.18,0.0,21.7,2009,11
FL,21261,18.05,10.29,0.29,13.14,0.0,27.38,2009,12
HA,6273,5.2,40.68,0.26,0.68,0.26,6.42,2009,01
HA,5658,5.56,43.94,0.02,0.12,0.0,9.65,2009,02
HA,6137,4.7,36.11,0.64,0.15,0.1,6.15,2009,03
HA,5876,4.17,31.24,0.13,0.14,0.06,6.11,2009,04
HA,6122,4.81,32.83,0.08,0.52,0.05,7.1,2009,05
HA,6133,3.33,31.78,0.0,0.13,0.01,6.17,2009,06
HA,6645,4.06,35.66,0.52,0.13,0.2,8.82,2009,07
HA,6602,2.95,33.21,0.08,0.1,0.05,5.53,2009,08
HA,11808,3.49,36.66,0.0,0.43,0.2,7.54,2009,09
HA,5661,4.03,28.56,0.79,0.15,0.06,10.51,2009,11
HA,5833,6.12,24.91,0.43,0.24,0.05,10.89,2009,12
MQ,34937,15.18,12.3,6.7,16.8,0.01,20.59,2009,01
MQ,31965,9.81,16.99,2.23,14.97,0.01,17.94,2009,02
MQ,35929,11.86,16.38,3.99,15.13,0.0,19.43,2009,03
MQ,35759,14.33,13.48,6.0,18.52,0.0,23.17,2009,04
MQ,37408,13.06,14.5,4.37,14.94,0.02,21.67,2009,05
MQ,36732,14.64,16.12,4.73,16.04,0.02,21.05,2009,06
MQ,38097,12.39,16.72,2.93,12.45,0.01,22.5,2009,07
MQ,38205,11.88,17.11,3.07,14.03,0.1,22.39,2009,08
MQ,73572,8.31,18.33,3.76,11.63,0.03,18.01,2009,09
MQ,36247,6.53,17.15,2.2,10.3,0.01,16.24,2009,11
MQ,36819,20.14,14.38,6.21,15.24,0.06,24.2,2009,12
NW,22945,12.79,18.27,2.97,18.65,0.03,9.36,2009,01
NW,21950,10.72,18.95,4.96,17.51,0.03,11.28,2009,02
NW,25718,8.94,16.67,3.77,16.57,0.02,8.84,2009,03
NW,24675,9.44,18.85,3.83,14.82,0.04,11.18,2009,04
NW,25086,9.2,17.92,3.38,15.29,0.07,9.08,2009,05
NW,27513,14.31,18.33,5.25,14.97,0.08,14.26,2009,06
NW,29328,13.16,19.55,3.18,13.02,0.06,13.91,2009,07
NW,27098,14.49,20.01,3.32,14.59,0.15,13.61,2009,08
NW,43880,7.74,16.71,1.56,14.46,0.04,8.35,2009,09
NW,21558,4.84,23.37,3.72,10.31,0.06,9.84,2009,11
NW,22649,13.04,20.08,3.32,13.6,0.1,11.66,2009,12
OH,12713,24.48,22.21,13.44,19.95,0.01,2.76,2009,01
OH,11733,12.93,15.88,10.51,22.4,0.03,3.49,2009,02
OH,13537,13.34,18.22,10.1,20.26,0.0,4.53,2009,03
OH,13686,17.95,16.17,12.55,23.88,0.01,3.71,2009,04
OH,14495,18.58,12.18,11.28,24.05,0.02,4.48,2009,05
OH,14085,23.67,16.44,12.78,25.0,0.02,6.75,2009,06
OH,14373,21.69,19.07,11.9,24.18,0.03,7.22,2009,07
OH,13052,20.34,21.9,10.39,21.93,0.02,7.03,2009,08
OH,21364,10.86,20.37,4.16,20.71,0.01,4.25,2009,09
OH,10503,8.5,24.52,4.5,18.02,0.04,5.68,2009,11
OH,11429,19.32,22.99,10.34,19.79,0.27,7.72,2009,12
OO,44443,12.72,10.81,2.32,15.56,0.07,26.32,2009,01
OO,41349,11.05,9.71,1.12,18.46,0.02,30.8,2009,02
OO,46899,9.77,11.54,1.66,15.64,0.05,26.46,2009,03
OO,44568,8.03,9.38,1.0,18.24,0.03,25.23,2009,04
OO,44689,7.78,9.95,0.92,18.48,0.05,25.29,2009,05
OO,47396,11.67,10.04,1.07,16.82,0.06,27.2,2009,06
OO,48953,8.85,11.73,1.02,11.46,0.06,23.63,2009,07
OO,48566,8.68,12.03,0.92,12.16,0.12,24.72,2009,08
OO,90292,6.91,12.2,1.08,11.2,0.05,23.77,2009,09
OO,42208,5.1,13.89,1.57,12.62,0.08,20.29,2009,11
OO,46832,18.49,13.02,1.55,16.11,0.11,28.86,2009,12
UA,31508,11.72,15.71,1.77,16.19,0.01,22.43,2009,01
UA,29896,10.52,13.45,1.04,18.37,0.0,24.56,2009,02
UA,34554,11.36,15.3,1.0,16.15,0.02,27.21,2009,03
UA,31387,12.1,16.3,1.46,17.58,0.0,27.87,2009,04
UA,31798,12.02,14.26,1.88,17.07,0.02,25.49,2009,05
UA,32990,18.3,14.18,2.5,18.86,0.05,31.73,2009,06
UA,33948,12.57,16.1,1.28,13.67,0.0,30.25,2009,07
UA,33622,12.71,17.02,1.57,14.82,0.19,29.62,2009,08
UA,59720,7.07,18.52,0.71,11.58,0.0,25.18,2009,09
UA,27739,4.22,19.38,1.03,12.83,0.0,22.55,2009,11
UA,29110,13.25,13.71,3.31,17.67,0.0,26.49,2009,12
US,35934,11.25,11.92,0.75,19.1,0.07,15.25,2009,01
US,32317,8.84,11.4,0.4,19.85,0.05,12.67,2009,02
US,36136,10.24,11.45,0.87,19.39,0.12,15.35,2009,03
US,34691,10.5,12.04,0.62,19.76,0.06,15.24,2009,04
US,35594,10.53,11.39,1.18,20.48,0.07,13.05,2009,05
US,34774,12.36,12.07,1.96,22.53,0.14,16.21,2009,06
US,35730,10.57,14.34,1.71,19.58,0.13,15.15,2009,07
US,35257,10.23,13.83,2.24,19.9,0.1,15.67,2009,08
US,65058,6.01,14.18,0.43,17.13,0.13,10.83,2009,09
US,33019,6.04,13.93,0.19,17.02,0.09,11.68,2009,11
US,33498,12.17,12.39,2.07,18.34,0.17,15.78,2009,12
WN,96109,7.87,10.5,2.41,7.39,0.12,24.72,2009,01
WN,86491,5.76,10.98,1.66,8.07,0.08,23.43,2009,02
WN,99384,8.5,10.96,2.53,6.84,0.12,28.45,2009,03
WN,96875,8.87,11.48,2.24,7.76,0.08,29.56,2009,04
WN,97696,8.59,11.79,1.85,7.47,0.12,26.1,2009,05
WN,96195,12.39,10.99,3.26,7.7,0.13,30.16,2009,06
WN,99070,9.68,12.07,2.11,6.14,0.09,24.04,2009,07
WN,95673,9.52,13.11,2.45,7.47,0.14,26.76,2009,08
WN,179538,5.32,12.79,1.44,5.67,0.06,21.03,2009,09
WN,89623,3.9,14.27,1.26,6.09,0.04,20.42,2009,11
WN,92293,13.76,12.18,2.15,6.97,0.15,27.58,2009,12
XE,23242,11.02,10.77,2.44,30.46,0.13,12.52,2009,01
XE,21642,13.05,9.41,1.26,38.51,0.09,16.07,2009,02
XE,25291,18.04,12.03,4.02,30.73,0.13,18.16,2009,03
XE,24642,19.9,11.56,6.45,36.42,0.03,21.04,2009,04
XE,25292,12.02,11.36,1.09,30.33,0.05,20.33,2009,05
XE,28195,12.77,14.87,2.16,29.61,0.11,23.11,2009,06
XE,29711,13.8,13.1,4.43,27.26,0.07,21.66,2009,07
XE,29632,10.94,14.67,2.73,26.42,0.19,20.2,2009,08
XE,48792,6.65,9.73,1.47,21.43,0.05,10.56,2009,09
XE,25023,7.5,11.07,0.91,25.82,0.06,15.62,2009,11
XE,27898,18.54,11.23,4.0,21.69,0.2,19.04,2009,12
YV,19418,15.5,32.13,5.07,14.16,0.05,11.03,2009,01
YV,18150,12.59,36.29,2.56,13.96,0.08,8.12,2009,02
YV,21139,14.54,35.43,4.32,15.37,0.16,6.28,2009,03
YV,20421,11.94,35.67,4.23,20.01,0.15,0.25,2009,04
YV,20714,11.23,31.65,4.16,21.61,0.11,0.07,2009,05
YV,21139,17.26,44.05,3.05,20.03,0.07,0.26,2009,06
YV,21792,13.1,41.47,2.8,14.5,0.16,0.24,2009,07
YV,21420,12.87,38.91,3.91,17.44,0.1,0.36,2009,08
YV,39540,8.27,39.88,9.87,10.13,0.14,0.22,2009,09
YV,19573,6.98,37.73,3.33,10.68,0.06,0.08,2009,11
YV,19754,17.95,37.49,8.03,20.56,0.12,0.35,2009,12
9E,21875,13.64,16.76,3.03,15.93,0.08,15.82,2010,01
9E,20404,19.78,18.39,2.46,16.25,0.13,20.77,2010,02
9E,23057,8.6,20.89,3.16,12.86,0.14,17.72,2010,03
9E,21926,7.39,20.11,1.96,13.08,0.03,15.29,2010,04
9E,22423,12.51,15.99,3.54,14.79,0.09,19.13,2010,05
9E,22858,14.24,20.32,2.81,11.99,0.04,23.21,2010,06
9E,23503,12.89,19.98,2.77,11.5,0.05,21.65,2010,07
9E,23513,9.34,20.23,1.89,9.79,0.05,19.51,2010,08
9E,20114,7.96,17.39,1.96,13.1,0.01,19.44,2010,09
9E,20698,6.88,20.71,1.59,11.88,0.03,19.13,2010,10
9E,20307,7.33,20.21,1.35,10.86,0.07,17.28,2010,11
9E,20686,18.44,21.03,2.48,12.84,0.01,22.29,2010,12
AA,46571,10.49,20.12,3.04,13.14,0.29,15.22,2010,01
AA,42303,13.94,20.11,4.42,15.91,0.03,16.49,2010,02
AA,47300,14.41,19.36,4.43,16.3,0.02,18.13,2010,03
AA,44684,9.89,22.57,2.85,13.26,0.04,16.81,2010,04
AA,45522,14.12,17.59,4.27,18.45,0.03,19.76,2010,05
AA,44892,15.53,18.79,4.18,16.52,0.01,20.15,2010,06
AA,46413,13.52,20.86,3.24,13.67,0.02,18.05,2010,07
AA,46360,11.8,24.77,2.99,12.38,0.05,18.12,2010,08
AA,43423,9.43,19.61,3.69,15.28,0.05,15.34,2010,09
AA,44674,7.91,19.99,3.42,15.6,0.05,15.25,2010,10
AA,43165,8.16,19.05,2.27,13.79,0.01,14.2,2010,11
AA,45656,10.59,19.13,3.62,16.31,0.15,15.43,2010,12
AS,10532,7.08,12.66,2.31,16.93,0.02,15.38,2010,01
AS,9567,6.93,13.99,3.49,14.15,0.1,15.92,2010,02
AS,10932,6.77,16.86,1.51,13.47,0.31,14.4,2010,03
AS,10696,4.83,14.89,1.01,13.14,0.14,15.05,2010,04
AS,11553,4.39,16.59,1.03,13.22,0.04,13.04,2010,05
AS,12299,6.05,16.43,1.43,12.44,0.04,15.9,2010,06
AS,12903,6.41,18.47,2.0,10.21,0.27,18.86,2010,07
AS,12810,6.07,16.02,1.59,11.26,0.34,16.57,2010,08
AS,11479,4.95,14.87,1.49,12.26,0.09,14.43,2010,09
AS,11622,6.07,13.1,1.74,14.4,0.27,13.83,2010,10
AS,11086,9.42,14.01,2.6,14.6,0.08,18.06,2010,11
AS,11471,10.18,14.24,1.47,14.3,0.12,18.72,2010,12
B6,16250,17.04,18.78,0.84,18.51,0.1,28.24,2010,01
B6,15303,18.58,16.87,3.85,16.76,0.19,23.83,2010,02
B6,17747,17.26,21.35,0.3,16.77,0.16,24.29,2010,03
B6,16846,8.65,20.16,1.93,13.96,0.09,19.5,2010,04
B6,16121,10.35,19.73,1.4,21.92,0.09,16.11,2010,05
B6,16395,11.88,21.92,1.51,18.06,0.01,21.14,2010,06
B6,17806,16.24,22.65,1.43,16.02,0.03,22.52,2010,07
B6,17708,14.67,22.61,1.05,15.6,0.07,21.63,2010,08
B6,15841,13.61,21.81,1.72,21.02,0.03,18.47,2010,09
B6,16538,14.63,20.79,0.46,18.22,0.07,18.67,2010,10
B6,16767,11.22,19.65,0.17,13.09,0.09,16.03,2010,11
B6,18112,25.04,24.95,1.21,15.54,0.08,24.22,2010,12
CO,19651,10.04,14.63,1.64,19.69,2.69,12.09,2010,01
CO,18438,10.41,11.56,3.06,18.23,0.45,9.61,2010,02
CO,20457,12.19,13.47,1.6,20.97,0.47,11.92,2010,03
CO,19460,7.02,14.8,0.79,16.43,0.4,7.44,2010,04
CO,19927,10.85,16.9,2.7,22.71,0.13,12.05,2010,05
CO,20283,10.45,14.03,2.0,19.28,0.26,12.01,2010,06
CO,20881,14.34,14.91,3.2,21.12,0.21,15.45,2010,07
CO,20601,7.65,17.97,2.24,18.6,0.3,11.45,2010,08
CO,18585,7.65,14.86,2.82,23.14,0.08,9.43,2010,09
CO,20092,6.94,13.08,0.81,23.93,0.09,7.66,2010,10
CO,19778,8.21,12.89,0.49,20.05,0.13,7.57,2010,11
CO,21118,16.69,17.74,4.86,19.23,0.16,17.29,2010,12
DL,56998,10.69,21.03,4.49,17.71,0.06,13.67,2010,01
DL,52920,12.91,20.29,4.11,15.39,0.08,16.8,2010,02
DL,60302,11.77,21.27,2.91,15.88,0.03,17.76,2010,03
DL,59251,8.77,20.38,1.77,14.56,0.02,13.56,2010,04
DL,61358,14.45,18.37,3.02,17.55,0.01,16.63,2010,05
DL,64016,17.49,20.73,2.62,14.41,0.02,18.79,2010,06
DL,65833,18.25,22.29,2.66,14.31,0.03,20.87,2010,07
DL,65900,12.83,19.64,1.84,15.03,0.01,17.59,2010,08
DL,61719,9.62,16.42,1.03,15.28,0.01,14.1,2010,09
DL,63436,10.06,18.14,2.25,16.32,0.01,17.53,2010,10
DL,60300,10.31,15.43,1.38,15.38,0.0,16.67,2010,11
DL,60940,15.88,18.22,2.6,15.48,0.01,18.58,2010,12
EV,24385,12.17,19.81,3.2,15.49,0.1,22.15,2010,01
EV,23305,16.31,18.88,4.04,12.47,0.03,32.52,2010,02
EV,26534,14.34,19.84,2.71,16.05,0.06,29.08,2010,03
EV,24529,8.57,24.88,2.44,13.39,0.1,27.79,2010,04
EV,25978,13.21,22.83,3.27,14.19,0.03,26.95,2010,05
EV,27480,14.08,23.18,3.63,14.02,0.02,26.53,2010,06
EV,28967,15.26,22.75,4.0,15.14,0.02,29.87,2010,07
EV,29100,12.95,23.53,2.48,13.71,0.03,25.87,2010,08
EV,26602,10.52,26.35,1.3,7.31,0.06,27.0,2010,09
EV,28157,12.44,23.93,2.81,9.67,0.03,29.29,2010,10
EV,26901,11.64,24.0,2.14,8.81,0.02,27.95,2010,11
EV,27983,18.8,23.75,4.66,8.82,0.04,31.31,2010,12
F9,6450,9.24,8.57,0.33,15.72,0.0,23.0,2010,01
F9,6152,9.8,8.14,0.3,14.0,0.0,20.03,2010,02
F9,6876,12.4,12.29,1.02,12.48,0.0,27.09,2010,03
F9,6666,7.72,10.72,0.91,12.56,0.0,18.8,2010,04
F9,7143,12.02,10.14,1.8,17.85,0.0,24.76,2010,05
F9,7247,14.0,13.38,1.43,12.19,0.0,28.61,2010,06
F9,7507,14.12,11.72,1.14,12.98,0.0,29.07,2010,07
F9,7526,8.89,9.84,0.4,11.81,0.0,25.52,2010,08
F9,6817,7.38,12.36,0.6,11.24,0.0,23.25,2010,09
F9,6805,7.61,9.87,0.34,12.82,0.0,25.77,2010,10
F9,6321,8.41,8.34,0.36,12.73,0.0,18.08,2010,11
F9,6456,12.57,10.86,0.52,14.05,0.0,21.42,2010,12
FL,19936,11.18,11.03,0.59,14.99,0.0,25.54,2010,01
FL,18447,14.77,11.06,2.3,15.03,0.0,27.55,2010,02
FL,21169,13.77,11.05,0.53,16.9,0.0,32.82,2010,03
FL,20560,7.32,11.94,0.27,13.59,0.0,30.15,2010,04
FL,21433,9.77,10.05,0.46,18.42,0.0,30.62,2010,05
FL,21794,12.37,8.14,1.15,19.0,0.0,27.75,2010,06
FL,22526,13.79,9.9,0.4,18.88,0.0,35.2,2010,07
FL,22267,11.77,9.01,0.9,18.32,0.0,29.61,2010,08
FL,19078,5.76,8.56,0.12,22.36,0.0,23.82,2010,09
FL,20400,6.7,12.07,0.2,21.84,0.0,30.44,2010,10
FL,20407,6.82,10.02,0.02,15.97,0.0,26.36,2010,11
FL,20827,9.38,8.98,1.85,15.99,0.0,21.81,2010,12
HA,5734,6.63,27.72,0.16,1.64,0.02,9.66,2010,01
HA,5094,5.36,21.73,0.0,0.16,0.02,9.22,2010,02
HA,5453,5.85,32.61,0.0,0.06,0.0,10.43,2010,03
HA,5333,4.38,40.02,0.05,0.21,0.0,10.24,2010,04
HA,5511,3.14,20.76,2.55,0.02,0.0,10.5,2010,05
HA,5864,3.85,33.4,0.0,0.2,0.28,10.28,2010,06
HA,6392,4.37,46.34,0.0,0.25,0.08,11.38,2010,07
HA,6349,3.32,47.74,0.0,0.15,0.2,7.38,2010,08
HA,5484,2.98,38.68,0.41,0.04,0.63,11.88,2010,09
HA,5529,3.48,40.06,0.22,0.15,0.0,7.84,2010,10
HA,5328,3.76,26.63,0.69,0.08,0.14,7.59,2010,11
HA,5578,7.45,28.1,0.27,0.19,0.07,19.36,2010,12
MQ,36742,13.75,14.56,3.51,13.25,0.21,20.18,2010,01
MQ,33320,14.07,13.29,4.54,15.13,0.04,20.26,2010,02
MQ,37089,11.56,15.02,4.78,15.8,0.01,20.41,2010,03
MQ,35991,9.86,16.41,2.72,13.94,0.0,19.79,2010,04
MQ,36660,15.51,15.64,4.46,16.03,0.02,22.08,2010,05
MQ,35738,19.1,15.58,4.05,16.64,0.02,24.41,2010,06
MQ,37066,16.95,17.31,3.88,12.82,0.02,21.72,2010,07
MQ,37697,11.58,18.61,3.08,12.67,0.01,19.16,2010,08
MQ,36524,9.47,16.1,4.36,13.46,0.0,17.86,2010,09
MQ,37766,7.46,17.26,4.74,14.67,0.03,15.96,2010,10
MQ,35778,8.47,15.45,3.83,14.69,0.02,16.36,2010,11
MQ,36605,13.11,16.6,4.8,15.36,0.27,18.26,2010,12
OH,11035,15.48,27.92,7.51,22.36,0.01,2.3,2010,01
OH,10755,18.55,29.71,11.83,18.44,0.04,1.91,2010,02
OH,12364,11.53,23.82,7.4,21.05,0.02,2.06,2010,03
OH,11774,9.9,27.96,3.37,17.71,0.02,2.43,2010,04
OH,11570,19.58,27.63,6.02,20.72,0.05,3.7,2010,05
OH,11965,21.74,34.61,4.1,18.9,0.06,4.89,2010,06
OH,13035,18.26,27.64,10.17,17.09,0.01,4.76,2010,07
OH,12949,12.78,25.99,6.47,15.22,0.04,4.69,2010,08
OH,13541,11.8,24.04,5.48,16.46,0.0,5.31,2010,09
OH,13497,11.47,21.74,6.26,17.17,0.02,5.11,2010,10
OH,12518,9.1,23.76,3.91,15.15,0.02,6.66,2010,11
OH,12630,19.63,24.64,8.26,17.4,0.04,7.44,2010,12
OO,48280,14.01,11.89,1.57,14.47,0.06,27.64,2010,01
OO,45383,13.01,10.49,1.17,15.67,0.08,26.73,2010,02
OO,51541,9.6,12.43,1.59,14.8,0.07,27.61,2010,03
OO,49204,9.32,12.0,1.22,15.79,0.06,25.68,2010,04
OO,50360,10.57,12.39,1.24,16.41,0.08,27.81,2010,05
OO,51834,13.84,13.39,1.32,14.45,0.05,30.56,2010,06
OO,53036,11.07,11.74,1.46,11.13,0.06,25.6,2010,07
OO,53135,11.25,11.86,1.05,12.06,0.09,28.48,2010,08
OO,48873,7.91,13.44,1.03,12.08,0.08,23.16,2010,09
OO,49958,9.72,14.18,0.95,11.87,0.03,28.85,2010,10
OO,47763,11.84,12.75,1.33,12.38,0.04,24.62,2010,11
OO,50253,21.44,12.75,1.72,14.34,0.08,32.79,2010,12
UA,27744,9.14,14.55,1.36,17.5,0.01,22.15,2010,01
UA,26091,9.46,13.37,1.91,16.09,0.0,23.62,2010,02
UA,29704,9.17,13.71,1.0,17.18,0.0,24.9,2010,03
UA,28178,6.76,15.42,1.5,15.59,0.33,24.21,2010,04
UA,28874,9.93,14.93,2.68,19.8,0.0,28.09,2010,05
UA,29314,13.44,14.17,2.24,19.35,0.0,30.38,2010,06
UA,30386,10.7,16.4,2.7,14.91,0.0,30.19,2010,07
UA,30637,8.78,14.62,1.49,15.52,0.0,27.82,2010,08
UA,28072,5.8,14.76,1.43,18.56,0.11,19.27,2010,09
UA,29144,5.83,14.33,0.76,18.64,0.0,20.53,2010,10
UA,27318,4.77,14.69,0.66,17.58,0.0,18.88,2010,11
UA,27619,9.18,14.0,1.58,19.82,0.0,21.43,2010,12
US,33749,9.73,14.54,0.73,17.64,0.22,14.15,2010,01
US,30574,10.36,12.87,2.07,17.87,0.17,15.12,2010,02
US,34344,9.74,13.27,0.46,17.82,0.12,15.67,2010,03
US,33130,5.75,14.88,0.47,15.71,0.3,11.69,2010,04
US,34100,7.6,12.31,1.16,19.09,0.11,13.2,2010,05
US,33947,9.26,14.96,2.26,17.82,0.15,15.95,2010,06
US,34869,10.15,14.4,2.88,18.25,0.26,18.08,2010,07
US,34914,8.5,15.37,2.99,16.52,0.14,17.43,2010,08
US,33863,6.72,13.85,1.44,18.21,0.09,11.79,2010,09
US,35223,8.16,12.36,0.87,18.08,0.12,13.37,2010,10
US,33898,6.42,11.72,0.25,15.96,0.19,9.78,2010,11
US,34500,11.12,15.77,2.01,18.12,0.17,14.48,2010,12
WN,90103,9.52,12.22,2.2,7.23,0.18,24.35,2010,01
WN,82509,8.66,12.13,2.42,7.48,0.13,25.05,2010,02
WN,95409,9.97,13.55,1.58,5.75,0.14,24.99,2010,03
WN,94136,7.54,13.45,1.45,4.94,0.19,22.47,2010,04
WN,97189,10.51,12.43,2.29,6.27,0.09,27.16,2010,05
WN,96955,12.31,13.01,3.19,6.55,0.06,29.49,2010,06
WN,98853,11.72,13.65,2.12,6.16,0.15,27.66,2010,07
WN,97615,8.98,12.72,1.73,5.96,0.09,24.11,2010,08
WN,91513,6.96,11.14,1.29,7.15,0.05,21.16,2010,09
WN,94734,11.33,12.63,1.16,5.69,0.13,24.27,2010,10
WN,91374,9.73,13.12,0.78,4.49,0.08,22.11,2010,11
WN,94097,16.67,13.83,1.36,5.03,0.18,27.5,2010,12
XE,27351,12.89,12.67,2.29,19.46,0.43,17.87,2010,01
XE,27142,14.79,13.99,3.05,16.54,0.23,16.53,2010,02
XE,32542,14.78,15.5,1.32,18.9,0.19,21.45,2010,03
XE,31153,8.49,11.19,1.15,16.2,0.12,16.14,2010,04
XE,33210,14.24,13.53,1.78,22.25,0.13,23.29,2010,05
XE,35112,18.83,14.21,1.98,17.01,0.18,27.65,2010,06
XE,36804,19.79,13.78,2.82,18.73,0.11,26.72,2010,07
XE,36081,9.93,13.57,1.73,16.88,0.14,21.62,2010,08
XE,31824,7.79,12.83,2.96,20.54,0.07,20.64,2010,09
XE,33728,7.93,13.46,0.64,22.83,0.04,19.13,2010,10
XE,29004,7.8,10.98,0.63,21.27,0.07,15.68,2010,11
XE,31126,16.42,15.47,2.08,19.08,0.1,23.37,2010,12
YV,18423,11.12,36.59,8.3,12.76,0.14,0.23,2010,01
YV,15563,11.25,17.0,2.83,13.76,0.18,21.8,2010,02
YV,16442,9.26,18.85,1.91,13.29,0.13,20.41,2010,03
YV,15813,7.35,21.13,0.97,12.18,0.13,20.39,2010,04
YV,13815,9.78,18.32,1.82,13.35,0.13,23.23,2010,05
YV,13694,11.88,20.01,1.26,12.89,0.14,24.97,2010,06
YV,14008,11.71,16.03,1.71,11.18,0.14,27.79,2010,07
YV,14055,9.59,16.61,2.17,11.18,0.12,26.82,2010,08
YV,12755,6.1,17.55,0.7,9.53,0.2,21.55,2010,09
YV,13518,7.5,10.5,0.66,11.68,0.07,33.75,2010,10
YV,12986,5.99,16.71,0.81,9.38,0.2,19.52,2010,11
YV,13725,11.66,14.97,1.91,10.94,0.04,27.76,2010,12
AA,46151,10.28,20.04,3.79,12.83,0.01,16.04,2011,01
AA,41813,14.09,17.21,5.59,14.04,0.06,17.06,2011,02
AA,46705,10.88,22.31,1.77,14.68,0.02,16.87,2011,03
AA,45130,17.19,16.23,4.72,19.14,0.01,21.1,2011,04
AA,46088,18.25,19.39,7.43,18.12,0.01,23.62,2011,05
AA,91518,13.52,22.35,3.8,13.67,0.05,18.75,2011,06
AA,46911,13.8,22.43,4.21,13.29,0.05,19.93,2011,08
AA,43560,10.63,22.61,3.6,13.79,0.02,16.51,2011,09
AA,44463,9.43,21.16,2.07,12.64,0.03,14.41,2011,10
AA,41465,10.0,19.15,1.29,15.65,0.0,13.11,2011,11
AA,42885,9.52,22.22,2.03,11.28,0.0,13.58,2011,12
AS,11376,7.74,16.28,1.82,14.95,0.04,16.39,2011,01
AS,10391,8.7,13.89,2.07,14.65,0.08,15.38,2011,02
AS,11976,11.22,23.07,2.66,12.93,0.11,22.39,2011,03
AS,11754,5.72,17.11,0.88,14.68,0.24,14.06,2011,04
AS,12137,5.33,17.13,0.88,16.3,0.13,14.6,2011,05
AS,25710,4.62,15.41,0.81,13.64,0.14,14.82,2011,06
AS,13314,4.98,16.93,1.06,12.95,0.45,15.86,2011,08
AS,11836,4.48,16.17,1.75,12.67,0.49,14.73,2011,09
AS,11933,4.87,16.41,0.93,15.12,0.48,12.35,2011,10
AS,11293,8.32,15.12,2.93,15.13,0.15,17.72,2011,11
AS,11530,7.11,12.96,1.96,14.34,0.1,13.98,2011,12
B6,17121,19.58,20.65,0.76,14.72,0.13,22.38,2011,01
B6,15982,19.11,18.75,0.55,16.79,0.07,21.98,2011,02
B6,18481,19.0,20.74,0.99,18.51,0.05,22.41,2011,03
B6,18212,21.5,19.79,1.51,22.72,0.09,21.97,2011,04
B6,17929,15.11,16.22,0.83,23.78,0.05,18.71,2011,05
B6,36588,18.94,23.23,2.2,19.37,0.05,24.65,2011,06
B6,19510,27.24,22.26,3.38,19.76,0.07,32.25,2011,08
B6,16938,14.01,18.42,0.76,20.46,0.07,19.31,2011,09
B6,17460,14.72,18.22,1.7,19.24,0.1,19.87,2011,10
B6,17592,8.1,18.15,0.27,15.29,0.05,17.5,2011,11
B6,18902,10.01,20.25,0.47,14.97,0.08,21.04,2011,12
CO,19900,11.99,14.95,5.29,18.91,0.36,10.29,2011,01
CO,18436,11.71,13.76,3.79,21.78,0.18,11.44,2011,02
CO,21338,12.24,13.78,1.85,19.79,0.17,12.86,2011,03
CO,20203,15.79,12.1,1.42,25.66,0.12,11.9,2011,04
CO,20444,13.88,13.86,1.88,24.54,0.13,11.12,2011,05
CO,42130,15.13,17.14,2.76,19.85,0.16,14.1,2011,06
CO,21596,14.71,19.52,2.51,20.58,0.18,14.73,2011,08
CO,19027,10.87,14.14,1.42,22.0,0.08,8.66,2011,09
CO,20580,9.6,15.26,1.93,19.27,0.12,9.61,2011,10
CO,20072,9.04,12.78,1.42,18.07,0.02,10.53,2011,11
CO,21055,10.08,15.07,0.94,15.93,0.0,11.16,2011,12
DL,59428,11.25,16.83,2.46,13.92,0.01,15.76,2011,01
DL,53844,11.17,18.13,2.53,15.51,0.01,16.93,2011,02
DL,62641,11.78,16.04,1.53,15.05,0.02,17.24,2011,03
DL,60496,12.3,16.07,2.46,16.43,0.03,18.01,2011,04
DL,62988,10.56,18.95,3.08,16.92,0.05,16.82,2011,05
DL,128086,13.58,19.75,4.55,16.37,0.01,19.98,2011,06
DL,66099,10.3,21.5,3.03,15.59,0.01,19.52,2011,08
DL,59177,6.92,18.79,1.35,15.76,0.03,14.58,2011,09
DL,61212,5.79,19.52,0.93,13.91,0.03,12.97,2011,10
DL,58100,6.12,18.3,0.68,14.12,0.02,13.39,2011,11
DL,57406,6.76,20.06,1.01,14.63,0.01,15.89,2011,12
EV,27099,15.33,26.08,3.41,7.57,0.05,30.86,2011,01
EV,24735,12.85,22.26,3.34,9.1,0.04,26.53,2011,02
EV,29158,17.15,21.68,1.52,8.13,0.04,29.33,2011,03
EV,27125,19.93,23.27,2.84,9.48,0.03,29.45,2011,04
EV,28295,17.02,23.55,2.47,9.26,0.04,29.78,2011,05
EV,58066,24.71,26.12,3.25,10.06,0.11,35.51,2011,06
EV,29124,15.77,26.94,2.33,9.43,0.06,30.95,2011,08
EV,25791,12.05,24.89,1.92,9.16,0.04,25.56,2011,09
EV,27072,9.92,26.66,1.42,7.41,0.03,26.14,2011,10
EV,25156,11.27,27.17,1.75,7.09,0.06,25.94,2011,11
EV,25237,12.11,27.47,1.79,8.42,0.07,28.23,2011,12
F9,6253,13.2,12.12,0.61,18.17,0.0,18.42,2011,01
F9,5845,13.67,10.16,1.2,19.04,0.0,15.94,2011,02
F9,6731,11.08,9.66,0.51,16.87,0.0,19.15,2011,03
F9,6356,10.74,12.61,0.3,15.94,0.0,19.1,2011,04
F9,7233,16.11,11.66,1.88,20.08,0.0,21.86,2011,05
F9,15270,13.21,12.84,1.18,15.14,0.0,22.64,2011,06
F9,8288,8.97,10.52,0.43,18.75,0.0,16.98,2011,08
F9,7477,7.3,12.99,0.91,17.7,0.0,14.28,2011,09
F9,7355,7.47,11.68,0.16,17.27,0.0,17.88,2011,10
F9,6968,7.25,11.95,0.15,12.55,0.0,15.16,2011,11
F9,7114,15.0,11.59,0.83,20.73,0.0,16.16,2011,12
FL,19585,11.26,15.04,2.03,14.0,0.0,25.74,2011,01
FL,17956,9.09,9.36,1.45,17.06,0.0,24.48,2011,02
FL,21691,10.07,8.54,0.37,16.45,0.0,28.31,2011,03
FL,21208,11.08,7.95,1.65,16.91,0.0,30.97,2011,04
FL,21393,9.81,9.83,0.68,20.77,0.0,33.53,2011,05
FL,43888,13.11,8.08,1.54,20.69,0.0,31.8,2011,06
FL,22432,10.39,9.25,0.57,19.89,0.0,28.47,2011,08
FL,19192,6.74,10.92,0.14,22.02,0.0,24.65,2011,09
FL,20076,5.3,10.6,0.08,15.14,0.0,16.32,2011,10
FL,20141,6.12,9.97,0.15,14.89,0.0,17.69,2011,11
FL,20420,4.83,11.95,0.05,15.91,0.0,22.67,2011,12
HA,5549,5.0,29.29,0.95,0.08,0.01,11.73,2011,01
HA,5052,4.81,25.07,0.01,0.04,0.0,14.89,2011,02
HA,5617,5.65,20.9,0.03,0.04,0.0,18.3,2011,03
HA,5560,3.56,28.72,0.0,0.0,0.0,15.42,2011,04
HA,5707,5.06,28.37,4.03,0.0,0.0,16.25,2011,05
HA,11494,4.21,32.59,0.08,0.2,0.02,13.79,2011,06
HA,5832,3.51,34.32,0.07,0.11,0.0,13.56,2011,08
HA,5368,3.84,46.98,0.24,0.09,0.38,19.11,2011,09
HA,5485,3.62,39.2,0.0,0.33,0.1,14.16,2011,10
HA,5324,4.55,29.65,0.12,0.8,0.21,11.59,2011,11
HA,5523,4.94,27.04,0.51,0.35,0.01,13.06,2011,12
MQ,36832,12.27,15.6,4.21,15.85,0.0,17.65,2011,01
MQ,33523,19.12,16.72,7.34,15.7,0.01,22.6,2011,02
MQ,37664,11.28,19.28,2.31,14.55,0.01,19.02,2011,03
MQ,37599,17.99,16.37,4.22,19.13,0.01,21.09,2011,04
MQ,39142,19.69,16.84,7.9,20.69,0.0,22.27,2011,05
MQ,76766,14.31,17.62,6.22,16.55,0.0,19.63,2011,06
MQ,39360,12.12,18.68,4.07,14.74,0.01,17.33,2011,08
MQ,36552,8.51,17.16,3.34,16.23,0.0,14.24,2011,09
MQ,37685,8.14,17.32,4.14,14.18,0.01,15.04,2011,10
MQ,35703,9.28,16.33,2.53,17.76,0.01,13.23,2011,11
MQ,36449,9.3,17.87,3.92,13.54,0.01,16.23,2011,12
OO,49796,15.59,13.44,1.86,14.13,0.05,30.08,2011,01
OO,45017,14.01,13.32,1.65,14.84,0.04,27.53,2011,02
OO,50297,12.81,12.55,0.96,14.12,0.07,27.12,2011,03
OO,47102,10.12,10.95,0.9,13.9,0.04,21.26,2011,04
OO,48550,10.28,12.07,2.01,14.66,0.15,25.35,2011,05
OO,101704,11.95,13.69,1.03,10.88,0.04,26.66,2011,06
OO,53431,11.06,13.15,0.94,11.09,0.11,28.62,2011,08
OO,47162,8.0,11.97,0.81,10.82,0.05,25.53,2011,09
OO,48394,7.78,12.83,0.87,11.14,0.05,25.98,2011,10
OO,45418,10.75,11.35,0.93,15.52,0.03,29.76,2011,11
OO,48271,10.79,11.74,1.88,12.09,0.06,27.97,2011,12
UA,26174,8.21,13.6,1.96,19.44,0.41,19.04,2011,01
UA,24080,10.28,14.13,2.13,18.09,0.0,19.34,2011,02
UA,27481,9.57,12.35,1.02,18.22,0.0,25.47,2011,03
UA,25243,11.48,12.05,1.28,19.78,0.01,24.42,2011,04
UA,25999,14.19,13.82,2.56,21.31,0.05,27.02,2011,05
UA,55484,18.08,18.4,1.95,17.9,0.01,33.19,2011,06
UA,28694,13.5,15.98,2.71,16.72,0.01,27.21,2011,08
UA,24651,9.82,13.66,1.46,18.46,0.0,16.62,2011,09
UA,25121,9.67,14.16,0.95,16.61,0.0,17.78,2011,10
UA,22982,9.45,12.94,0.24,18.4,0.01,19.09,2011,11
UA,23989,8.99,18.13,1.1,13.58,0.0,19.37,2011,12
US,34671,9.44,14.46,2.11,18.44,0.15,12.79,2011,01
US,31718,9.21,13.42,1.72,17.72,0.15,11.76,2011,02
US,35961,8.52,13.65,0.71,17.38,0.17,11.72,2011,03
US,33942,11.61,12.89,1.53,19.37,0.13,13.38,2011,04
US,35164,13.49,14.79,1.25,18.37,0.21,15.09,2011,05
US,68850,15.04,17.21,2.64,16.12,0.21,16.94,2011,06
US,34490,14.24,17.31,2.95,18.74,0.2,17.31,2011,08
US,32245,9.88,13.84,1.43,18.53,0.13,12.8,2011,09
US,34121,7.25,13.95,0.66,17.12,0.11,10.48,2011,10
US,33326,6.37,16.11,0.67,15.37,0.18,11.77,2011,11
US,33663,6.17,17.14,0.45,14.34,0.16,10.82,2011,12
WN,93373,11.95,12.84,1.11,4.95,0.22,23.72,2011,01
WN,85277,12.37,12.37,1.3,6.57,0.18,27.21,2011,02
WN,99857,11.24,13.1,1.57,6.58,0.12,28.94,2011,03
WN,98224,13.69,14.73,1.61,6.24,0.17,31.23,2011,04
WN,99942,13.75,13.63,2.79,6.93,0.12,31.4,2011,05
WN,201192,11.09,13.04,2.38,6.23,0.16,29.74,2011,06
WN,100374,9.38,13.2,2.95,7.93,0.13,29.65,2011,08
WN,93019,8.68,12.23,2.35,7.18,0.15,28.33,2011,09
WN,97171,6.91,13.01,1.7,6.36,0.13,25.44,2011,10
WN,91367,5.88,13.51,1.59,6.24,0.16,23.45,2011,11
WN,94143,6.62,12.97,1.58,6.76,0.13,23.22,2011,12
XE,27663,12.18,15.13,3.39,17.85,0.18,17.72,2011,01
XE,29789,19.48,23.24,2.68,15.71,0.05,27.32,2011,02
XE,37328,14.04,18.71,1.12,14.17,0.03,26.37,2011,03
XE,35833,20.18,16.97,1.21,19.23,0.05,26.45,2011,04
XE,36191,17.64,16.99,1.79,20.76,0.05,24.64,2011,05
XE,73308,17.26,19.29,1.49,15.52,0.17,26.77,2011,06
XE,38158,13.26,20.93,1.6,16.04,0.09,25.74,2011,08
XE,33074,13.67,22.74,1.07,12.76,0.03,25.43,2011,09
XE,33667,11.45,22.92,1.47,12.87,0.07,24.18,2011,10
XE,31809,11.95,19.71,0.7,15.7,0.01,25.42,2011,11
XE,34607,16.26,20.69,2.78,14.27,0.03,29.78,2011,12
YV,13429,9.83,15.49,2.24,10.93,0.04,29.32,2011,01
YV,12058,9.76,15.15,1.76,11.12,0.15,28.75,2011,02
YV,13761,8.91,16.23,1.15,11.36,0.06,24.82,2011,03
YV,13037,10.93,15.64,2.42,8.44,0.07,31.43,2011,04
YV,13410,9.4,0.0,0.0,8.82,0.0,53.28,2011,05
YV,27122,13.42,27.95,2.75,7.21,0.11,30.47,2011,06
YV,13829,10.7,17.36,25.54,7.84,0.0,15.79,2011,08
YV,12399,8.96,20.54,2.0,10.31,0.12,28.09,2011,09
YV,12602,6.91,22.03,1.11,7.89,0.14,22.89,2011,10
YV,11324,6.52,21.59,0.68,9.17,0.19,18.25,2011,11
YV,12694,6.26,20.42,1.68,7.98,0.16,16.41,2011,12
AA,43731,8.58,21.48,2.65,13.22,0.06,12.8,2012,01
AA,41841,7.69,22.56,1.37,12.02,0.03,14.79,2012,02
AA,46109,11.84,17.21,3.3,13.79,0.03,23.15,2012,03
AA,43817,10.59,17.53,7.33,11.64,0.02,25.85,2012,04
AA,45129,13.3,16.91,6.54,15.38,0.03,25.65,2012,05
AA,43545,12.89,20.51,6.24,14.49,0.08,21.39,2012,06
AA,44752,14.97,18.21,4.88,16.97,0.01,21.64,2012,07
AA,44634,15.14,18.9,3.3,13.59,0.11,22.52,2012,08
AA,41825,24.68,22.89,1.02,11.02,0.04,22.94,2012,09
AA,43135,16.35,18.1,0.72,12.15,0.01,17.12,2012,10
AA,41960,10.9,20.2,0.62,9.98,0.02,17.59,2012,11
AA,44742,14.14,18.78,2.88,11.94,0.02,21.86,2012,12
AS,11394,11.49,14.38,7.96,15.74,0.09,20.4,2012,01
AS,10783,5.54,15.91,1.12,13.69,0.17,14.7,2012,02
AS,12064,8.27,14.53,0.96,16.67,0.13,18.46,2012,03
AS,11899,5.15,15.57,0.6,13.44,0.16,15.04,2012,04
AS,12642,4.54,15.52,0.99,13.2,0.15,16.51,2012,05
AS,13326,6.6,16.51,1.11,12.39,0.14,19.33,2012,06
AS,13851,6.69,15.27,3.87,13.24,0.29,19.13,2012,07
AS,13736,6.23,18.86,2.85,11.86,0.42,19.95,2012,08
AS,11986,5.79,17.28,2.81,12.79,0.25,18.63,2012,09
AS,12066,8.9,27.78,1.6,11.93,0.54,25.71,2012,10
AS,11767,7.12,18.02,1.17,11.97,0.11,19.88,2012,11
AS,12055,8.84,13.3,1.24,15.71,0.04,16.66,2012,12
B6,17857,10.89,19.78,0.31,13.19,0.05,20.1,2012,01
B6,17348,8.52,19.65,0.1,12.84,0.06,15.96,2012,02
B6,19733,11.42,21.1,0.32,11.49,0.04,19.53,2012,03
B6,19134,7.74,23.85,0.55,10.22,0.08,17.89,2012,04
B6,18691,10.26,18.37,1.63,17.13,0.13,19.06,2012,05
B6,19253,16.7,22.73,4.21,15.43,0.22,30.93,2012,06
B6,20821,18.61,20.59,4.32,19.12,0.11,29.88,2012,07
B6,20730,19.7,22.34,2.96,16.29,0.13,31.48,2012,08
B6,18147,11.33,18.73,1.04,20.16,0.04,21.6,2012,09
B6,18584,11.23,18.6,0.53,13.91,0.13,16.65,2012,10
B6,18870,10.76,21.82,2.54,11.86,0.12,22.43,2012,11
B6,19888,20.15,21.51,0.64,14.13,0.09,28.15,2012,12
DL,55421,7.61,18.49,2.25,15.11,0.01,15.46,2012,01
DL,52049,5.9,21.95,1.52,12.83,0.07,14.72,2012,02
DL,60458,8.16,19.3,1.42,12.45,0.02,16.48,2012,03
DL,59388,5.46,24.52,0.79,11.12,0.01,14.96,2012,04
DL,61208,8.06,20.0,1.71,14.65,0.05,16.83,2012,05
DL,63243,9.36,23.35,2.51,14.47,0.01,19.47,2012,06
DL,65800,13.79,21.06,4.06,18.59,0.02,22.27,2012,07
DL,66873,10.44,21.56,1.72,17.03,0.01,20.68,2012,08
DL,61038,6.41,23.06,0.75,15.5,0.01,16.04,2012,09
DL,63906,7.15,19.46,0.91,12.32,0.01,14.96,2012,10
DL,60073,5.56,23.88,1.29,11.41,0.04,15.05,2012,11
DL,57422,8.63,19.82,1.98,14.93,0.02,16.61,2012,12
EV,57585,13.56,23.15,4.41,9.91,0.04,28.19,2012,01
EV,54823,13.2,24.71,3.75,8.22,0.2,26.5,2012,02
EV,61273,17.55,25.45,3.64,7.55,0.01,31.13,2012,03
EV,59089,10.76,24.84,2.29,7.8,0.04,23.86,2012,04
EV,61101,14.34,25.29,4.06,9.45,0.01,28.43,2012,05
EV,65243,15.69,21.63,1.64,13.01,0.01,29.95,2012,06
EV,67619,23.56,21.87,2.89,15.69,0.02,35.49,2012,07
EV,68301,17.51,22.02,1.43,13.39,0.03,31.41,2012,08
EV,60474,12.19,20.61,1.06,15.98,0.02,25.98,2012,09
EV,64906,13.29,19.72,0.76,14.22,0.01,27.17,2012,10
EV,60556,9.72,20.35,1.92,12.97,0.02,25.92,2012,11
EV,59885,18.61,19.21,1.61,14.39,0.03,31.28,2012,12
F9,6464,12.52,10.91,1.48,18.88,0.0,17.35,2012,01
F9,5983,15.32,13.33,0.22,17.98,0.0,17.76,2012,02
F9,6749,10.84,12.65,0.29,15.13,0.0,20.32,2012,03
F9,6248,9.22,13.53,0.53,16.63,0.0,13.21,2012,04
F9,6804,9.17,12.45,0.69,14.87,0.0,11.83,2012,05
F9,6965,14.13,14.37,0.88,17.43,0.0,15.42,2012,06
F9,7268,12.53,11.86,0.74,16.56,0.0,16.35,2012,07
F9,7107,11.0,15.83,0.88,14.02,0.0,20.03,2012,08
F9,6356,8.66,12.28,1.51,12.54,0.0,18.78,2012,09
F9,6677,10.59,8.77,1.12,14.72,0.0,16.53,2012,10
F9,6271,9.22,12.04,0.61,14.22,0.0,14.68,2012,11
F9,6363,20.45,13.53,0.74,17.56,0.0,17.91,2012,12
FL,19163,6.52,9.59,0.46,17.99,0.0,19.82,2012,01
FL,17980,4.45,11.9,0.19,14.92,0.0,15.48,2012,02
FL,19624,5.08,12.15,0.52,16.02,0.0,18.14,2012,03
FL,18645,3.42,13.8,0.07,14.17,0.0,17.4,2012,04
FL,19046,6.91,10.03,0.42,17.84,0.0,23.81,2012,05
FL,19396,8.84,10.45,0.26,18.17,0.0,24.65,2012,06
FL,20210,14.91,11.23,0.87,19.82,0.0,30.74,2012,07
FL,18291,10.89,10.29,0.2,18.37,0.0,27.09,2012,08
FL,16362,5.15,11.32,0.53,18.48,0.0,18.22,2012,09
FL,16839,6.19,10.63,0.1,15.17,0.0,17.84,2012,10
FL,16143,5.14,15.11,0.13,13.13,0.0,20.97,2012,11
FL,16463,9.88,10.64,0.42,14.62,0.0,24.54,2012,12
HA,5859,5.09,38.16,5.19,0.54,0.1,12.55,2012,01
HA,5627,5.29,27.89,1.56,0.25,0.05,17.9,2012,02
HA,6208,4.86,36.44,0.87,0.3,0.04,10.71,2012,03
HA,6037,3.9,38.73,0.0,0.02,0.02,12.79,2012,04
HA,6246,3.62,40.27,0.12,0.38,0.12,8.07,2012,05
HA,6470,3.86,29.06,0.19,1.77,0.04,10.92,2012,06
HA,6769,6.29,25.39,0.04,0.18,0.16,19.44,2012,07
HA,6628,4.91,32.22,0.0,0.09,0.13,13.08,2012,08
HA,6005,2.87,41.14,0.0,2.3,0.31,6.15,2012,09
HA,6204,3.24,31.24,0.32,0.11,0.06,8.01,2012,10
HA,5985,4.77,43.08,0.19,3.72,0.01,14.34,2012,11
HA,6071,3.81,25.87,0.23,1.05,0.14,9.56,2012,12
MQ,36939,9.77,16.5,7.74,15.72,0.01,16.56,2012,01
MQ,36183,8.15,16.35,5.54,13.99,0.04,15.71,2012,02
MQ,38667,10.47,19.22,6.16,14.22,0.06,19.44,2012,03
MQ,40316,8.19,19.89,6.58,10.29,0.0,19.56,2012,04
MQ,41684,9.85,15.5,7.17,17.06,0.05,18.63,2012,05
MQ,40882,10.31,21.64,4.86,11.64,0.03,20.45,2012,06
MQ,41670,14.94,19.99,7.26,12.88,0.01,23.26,2012,07
MQ,42418,12.39,19.72,4.9,12.14,0.03,21.67,2012,08
MQ,38870,8.41,21.34,2.85,13.83,0.08,19.57,2012,09
MQ,41344,10.36,20.63,2.03,14.57,0.01,19.05,2012,10
MQ,37363,8.57,21.79,4.84,11.58,0.01,22.54,2012,11
MQ,36804,17.36,18.03,11.04,13.78,0.02,25.85,2012,12
OO,48720,10.07,12.52,1.62,15.33,0.04,26.3,2012,01
OO,46463,8.24,12.83,1.47,12.57,0.05,22.32,2012,02
OO,53806,11.41,14.32,1.02,14.3,0.04,28.88,2012,03
OO,50279,7.91,12.31,1.14,11.34,0.07,23.82,2012,04
OO,50702,8.46,13.59,1.06,13.22,0.05,26.42,2012,05
OO,52968,10.49,14.59,0.97,12.9,0.03,28.34,2012,06
OO,55367,12.16,12.2,1.06,12.18,0.04,30.5,2012,07
OO,55686,9.72,13.2,0.67,10.69,0.04,27.32,2012,08
OO,50086,9.53,12.62,0.84,11.4,0.01,29.51,2012,09
OO,52028,11.37,12.79,0.73,13.51,0.04,28.8,2012,10
OO,49528,9.87,14.25,1.34,12.18,0.03,30.28,2012,11
OO,52123,15.61,15.22,1.23,12.07,0.1,29.37,2012,12
UA,41728,10.29,16.33,2.79,17.22,0.01,18.72,2012,01
UA,40837,8.71,14.83,0.85,15.3,0.08,17.43,2012,02
UA,46254,12.28,16.55,0.99,14.44,0.0,17.86,2012,03
UA,44098,10.1,16.7,0.65,13.39,0.1,18.36,2012,04
UA,45224,13.28,18.06,1.83,16.93,0.07,19.61,2012,05
UA,46770,18.71,20.29,1.35,13.1,0.08,26.07,2012,06
UA,48020,25.05,21.01,2.37,15.31,0.06,30.88,2012,07
UA,47763,17.81,21.69,1.35,13.17,0.28,26.21,2012,08
UA,42806,10.44,17.99,0.93,17.04,0.11,18.01,2012,09
UA,44423,11.77,18.24,1.1,15.76,0.13,19.35,2012,10
UA,41354,8.42,23.11,0.53,13.33,0.08,20.11,2012,11
UA,41968,12.83,19.4,1.18,15.03,0.04,20.55,2012,12
US,34256,7.32,14.17,0.72,17.24,0.19,11.21,2012,01
US,32725,5.5,15.22,0.49,15.27,0.27,11.66,2012,02
US,35778,6.21,14.41,0.56,15.39,0.18,11.04,2012,03
US,33884,4.66,16.36,0.45,13.68,0.11,10.02,2012,04
US,34661,7.55,15.12,1.13,18.28,0.15,11.26,2012,05
US,33661,7.57,16.87,1.93,16.98,0.35,13.28,2012,06
US,34542,10.0,15.36,3.27,20.15,0.16,12.81,2012,07
US,33778,8.95,15.12,2.98,17.7,0.12,13.87,2012,08
US,31495,6.82,15.55,1.69,19.55,0.14,10.66,2012,09
US,33774,6.68,15.1,0.59,15.61,0.13,9.81,2012,10
US,32963,5.53,16.08,0.25,13.01,0.15,10.19,2012,11
US,32746,8.83,14.66,0.76,17.52,0.2,12.43,2012,12
VX,4102,14.93,12.19,7.33,40.0,0.35,23.2,2012,01
VX,3849,5.02,11.04,7.38,18.64,0.08,11.64,2012,02
VX,4376,22.81,9.11,6.5,44.68,0.08,26.78,2012,03
VX,4443,9.19,7.2,6.13,28.61,0.03,19.64,2012,04
VX,4716,8.2,10.46,7.21,21.18,0.05,14.73,2012,05
VX,4749,16.11,10.48,4.76,39.42,0.1,29.37,2012,06
VX,5030,14.01,13.12,3.41,31.82,0.17,23.56,2012,07
VX,5061,12.04,10.93,2.92,32.09,0.05,19.15,2012,08
VX,4629,9.1,7.75,3.97,31.02,0.03,12.49,2012,09
VX,4559,9.98,8.22,4.32,27.02,0.08,14.94,2012,10
VX,4575,12.36,9.12,3.56,51.1,0.1,20.9,2012,11
VX,4653,15.96,9.9,4.5,38.96,0.17,23.5,2012,12
WN,90974,6.49,13.66,2.96,9.13,0.08,24.39,2012,01
WN,87240,5.32,14.58,1.53,6.71,0.11,21.21,2012,02
WN,98554,7.85,13.31,2.13,7.25,0.09,23.82,2012,03
WN,96675,6.95,16.8,1.43,5.32,0.16,24.01,2012,04
WN,98987,8.39,15.7,1.74,6.02,0.17,24.32,2012,05
WN,98766,11.09,15.2,1.68,6.25,0.1,26.14,2012,06
WN,102302,12.84,14.44,2.45,6.91,0.1,28.03,2012,07
WN,98395,11.49,14.15,2.34,7.13,0.12,27.9,2012,08
WN,89927,7.34,11.92,2.4,8.39,0.15,24.84,2012,09
WN,96036,8.61,13.25,1.41,7.22,0.13,23.35,2012,10
WN,90231,7.9,15.09,1.74,6.22,0.11,26.51,2012,11
WN,92448,13.48,14.08,1.73,6.12,0.2,26.3,2012,12
YV,11940,7.92,8.77,0.26,11.95,0.01,24.14,2012,01
YV,11095,5.88,11.44,1.21,9.52,0.11,25.99,2012,02
YV,11975,8.02,16.66,4.1,7.34,0.14,28.49,2012,03
YV,11266,5.8,18.42,1.03,7.54,0.19,20.77,2012,04
YV,11582,8.53,18.74,3.91,10.96,0.24,20.73,2012,05
YV,11696,7.87,31.03,1.14,7.06,0.11,16.53,2012,06
YV,11110,13.0,13.91,1.52,10.17,0.12,35.06,2012,07
YV,11392,12.61,18.45,1.45,8.64,0.1,32.57,2012,08
YV,10193,8.24,18.77,3.32,9.36,0.2,21.27,2012,09
YV,10773,8.33,21.41,1.93,7.9,0.21,25.56,2012,10
YV,10367,7.25,19.07,2.08,6.79,0.12,30.48,2012,11
YV,10587,10.04,16.58,1.84,7.18,0.05,26.99,2012,12
9E,23658,13.42,27.99,3.4,13.46,0.06,21.69,2013,01
9E,21309,12.45,21.59,3.16,15.98,0.13,19.57,2013,02
9E,27041,11.12,8.47,0.54,41.09,0.01,7.37,2013,03
9E,26125,12.26,22.67,3.17,15.42,0.05,23.51,2013,04
9E,25750,11.44,20.77,2.26,16.16,0.06,21.33,2013,05
9E,26055,17.37,22.14,3.54,15.46,0.09,28.32,2013,06
9E,26813,17.17,22.58,2.99,15.52,0.04,26.21,2013,07
9E,27095,9.24,21.61,1.85,12.78,0.06,19.63,2013,08
9E,23253,6.03,22.01,1.9,12.83,0.09,15.02,2013,09
9E,24882,6.2,24.05,1.29,11.36,0.13,15.12,2013,10
9E,22476,6.21,18.81,2.27,14.5,0.0,14.52,2013,11
9E,22244,18.19,19.28,3.02,16.63,0.07,22.89,2013,12
AA,44848,10.94,17.73,2.78,11.4,0.13,19.41,2013,01
AA,40792,11.44,17.26,2.91,11.72,0.01,20.81,2013,02
AA,45602,10.88,17.21,2.93,12.96,0.03,23.49,2013,03
AA,44265,18.62,19.44,2.52,16.6,0.01,28.46,2013,04
AA,45703,15.72,16.66,4.2,16.69,0.02,27.39,2013,05
AA,45263,20.71,17.19,4.46,13.84,0.03,31.98,2013,06
AA,47225,15.64,16.85,2.87,13.07,0.0,25.31,2013,07
AA,46924,10.95,18.09,2.97,12.11,0.04,22.8,2013,08
AA,43110,10.29,20.08,3.06,12.54,0.01,24.2,2013,09
AA,45219,9.59,17.57,1.1,10.06,0.0,20.11,2013,10
AA,43203,9.8,18.62,1.27,10.11,0.52,21.59,2013,11
AA,45737,14.84,16.79,5.0,10.96,0.02,22.27,2013,12
AS,12020,6.84,15.72,1.87,13.95,0.11,12.87,2013,01
AS,10895,5.33,18.41,1.66,12.87,0.46,14.83,2013,02
AS,12698,7.63,13.29,0.71,14.55,1.21,15.59,2013,03
AS,12571,7.21,12.88,0.93,17.04,0.19,14.24,2013,04
AS,13067,5.54,11.52,1.43,16.74,0.09,11.94,2013,05
AS,13998,6.94,13.76,0.96,15.18,0.12,15.08,2013,06
AS,14762,8.17,12.42,1.84,13.77,0.29,15.22,2013,07
AS,14544,8.09,13.28,1.68,14.0,0.23,14.21,2013,08
AS,12631,6.79,13.57,1.58,14.08,0.19,15.0,2013,09
AS,12638,5.64,13.21,2.05,13.49,0.15,15.66,2013,10
AS,12365,6.47,14.29,2.1,13.49,0.54,19.7,2013,11
AS,12554,7.67,13.67,3.84,13.62,0.14,16.28,2013,12
B6,19291,12.78,20.79,0.71,13.39,0.08,19.64,2013,01
B6,17767,17.14,19.05,0.54,13.99,0.06,22.33,2013,02
B6,20842,18.45,18.98,1.4,15.66,0.16,27.36,2013,03
B6,20036,17.84,17.19,0.85,19.29,0.15,22.82,2013,04
B6,20262,12.73,16.62,1.6,21.54,0.15,21.23,2013,05
B6,20643,22.71,17.66,1.82,23.06,0.13,30.65,2013,06
B6,22146,25.51,18.07,1.87,17.21,0.25,31.83,2013,07
B6,21992,17.69,18.77,0.7,14.48,0.27,26.41,2013,08
B6,18582,11.3,20.24,1.56,17.46,0.3,23.15,2013,09
B6,19382,7.48,16.7,0.42,16.6,0.14,15.31,2013,10
B6,19599,8.04,17.81,0.42,13.9,0.15,15.24,2013,11
B6,21235,21.0,16.81,1.4,14.81,0.18,22.27,2013,12
DL,57182,7.9,23.17,4.77,15.86,0.04,14.28,2013,01
DL,52862,7.89,24.16,2.36,14.23,0.01,12.56,2013,02
DL,63929,9.46,24.21,4.77,14.26,0.01,15.78,2013,03
DL,62291,9.29,24.49,2.8,16.36,0.03,14.81,2013,04
DL,64087,8.73,24.14,1.74,14.9,0.02,15.87,2013,05
DL,66227,16.81,22.91,4.18,19.09,0.04,20.69,2013,06
DL,69175,17.9,24.12,3.11,18.3,0.01,21.61,2013,07
DL,69327,9.22,23.85,1.68,13.52,0.02,15.8,2013,08
DL,62191,6.17,24.92,1.19,14.92,0.02,13.0,2013,09
DL,65444,5.15,25.76,0.74,11.54,0.11,10.8,2013,10
DL,61332,7.15,23.43,1.69,12.6,0.76,14.16,2013,11
DL,60623,12.2,22.17,3.82,13.39,0.0,14.62,2013,12
EV,57934,18.0,20.13,1.55,14.58,0.02,28.65,2013,01
EV,54106,18.36,19.45,0.94,13.81,0.04,27.89,2013,02
EV,65803,17.82,20.54,1.2,13.83,0.03,29.53,2013,03
EV,64366,19.45,18.11,1.69,16.95,0.02,32.68,2013,04
EV,64741,16.66,17.49,1.55,16.75,0.03,29.36,2013,05
EV,66069,24.25,18.31,2.96,17.81,0.03,35.4,2013,06
EV,67011,21.4,18.22,2.66,17.21,0.03,31.16,2013,07
EV,66234,14.54,18.11,1.62,14.82,0.03,27.36,2013,08
EV,61327,10.23,18.79,1.5,17.05,0.03,24.96,2013,09
EV,63746,12.06,16.63,0.62,15.07,0.01,24.48,2013,10
EV,58721,12.55,17.35,1.3,15.24,0.05,24.5,2013,11
EV,58638,24.01,19.89,2.06,16.06,0.04,30.23,2013,12
F9,5804,14.92,12.91,0.42,15.45,0.0,15.96,2013,01
F9,5261,20.21,13.34,1.07,23.47,0.0,22.37,2013,02
F9,5899,17.51,14.64,0.67,24.58,0.0,21.91,2013,03
F9,5881,21.88,11.08,1.56,33.04,0.0,19.88,2013,04
F9,6586,15.86,9.39,0.76,24.16,0.0,19.26,2013,05
F9,6571,13.62,11.96,2.07,21.98,0.0,18.59,2013,06
F9,6816,18.15,10.4,0.79,22.82,0.0,22.97,2013,07
F9,6921,13.86,11.22,1.25,18.29,0.0,17.64,2013,08
F9,6517,14.4,10.87,1.44,22.46,0.0,20.72,2013,09
F9,6517,11.2,10.68,0.29,20.78,0.0,16.88,2013,10
F9,6331,14.13,11.89,0.6,20.13,0.0,26.24,2013,11
F9,6508,25.5,10.74,0.98,20.88,0.0,27.53,2013,12
FL,15313,5.91,10.46,0.4,17.4,0.0,20.45,2013,01
FL,14069,7.6,9.8,0.42,14.94,0.0,18.54,2013,02
FL,16882,13.58,9.01,1.23,16.21,0.0,31.22,2013,03
FL,15911,10.53,9.88,0.54,15.47,0.0,24.58,2013,04
FL,15789,10.01,11.82,0.65,14.83,0.0,25.39,2013,05
FL,15761,22.33,11.67,2.62,16.58,0.0,32.27,2013,06
FL,16293,20.26,12.34,2.75,15.89,0.0,31.09,2013,07
FL,14817,10.55,10.76,1.08,15.57,0.0,20.06,2013,08
FL,12556,7.17,15.03,1.39,10.44,0.0,19.24,2013,09
FL,13177,7.72,13.86,0.3,9.89,0.0,16.49,2013,10
FL,11679,8.3,12.36,0.46,9.98,0.0,21.6,2013,11
FL,11705,15.4,11.44,0.64,9.78,0.0,22.75,2013,12
HA,5982,5.94,48.07,0.87,0.31,0.18,11.52,2013,01
HA,5430,4.77,28.05,0.76,0.69,0.0,11.96,2013,02
HA,6000,5.08,25.68,1.42,0.05,0.05,12.82,2013,03
HA,5789,4.74,39.03,0.26,0.46,0.01,12.24,2013,04
HA,6025,4.64,30.17,0.1,0.16,0.08,11.7,2013,05
HA,6320,3.9,25.21,0.0,0.29,0.02,13.81,2013,06
HA,6646,4.57,48.54,0.9,0.96,0.0,12.28,2013,07
HA,6408,3.95,35.89,0.21,0.6,0.06,11.72,2013,08
HA,5831,3.4,44.07,0.37,1.65,0.0,9.3,2013,09
HA,5985,3.06,29.25,0.25,0.53,0.03,10.3,2013,10
HA,5838,3.99,30.74,1.11,5.41,1.7,11.15,2013,11
HA,6032,4.53,28.24,2.58,0.19,0.01,14.09,2013,12
MQ,37693,15.05,17.52,8.13,14.7,0.01,21.91,2013,01
MQ,33627,17.04,15.78,6.62,15.66,0.01,22.81,2013,02
MQ,36854,12.9,17.37,6.15,14.72,0.0,20.97,2013,03
MQ,37211,21.9,16.63,7.86,17.95,0.02,28.1,2013,04
MQ,38335,19.27,15.57,6.19,16.6,0.01,26.52,2013,05
MQ,37701,26.41,16.4,8.05,15.42,0.03,31.25,2013,06
MQ,39150,22.05,18.88,3.09,12.72,0.01,26.34,2013,07
MQ,38711,14.82,16.45,4.23,12.33,0.01,23.65,2013,08
MQ,35621,9.65,15.64,4.59,13.11,0.02,22.4,2013,09
MQ,36973,9.85,14.41,2.07,12.31,0.04,19.69,2013,10
MQ,33794,9.21,14.86,3.22,15.15,0.14,17.39,2013,11
MQ,34195,22.87,13.05,9.61,16.36,0.01,26.43,2013,12
OO,51762,12.18,14.56,2.25,11.8,0.07,25.67,2013,01
OO,47758,11.09,14.56,1.82,13.2,0.05,26.65,2013,02
OO,55648,11.36,15.46,1.63,11.31,0.05,29.55,2013,03
OO,53069,11.38,13.77,1.31,14.92,0.07,27.02,2013,04
OO,53908,10.65,14.74,1.33,14.17,0.2,27.82,2013,05
OO,54378,13.84,15.74,1.76,13.28,0.05,30.37,2013,06
OO,56077,13.95,14.3,1.16,14.24,0.03,32.01,2013,07
OO,55378,13.1,14.7,1.44,13.24,0.05,31.48,2013,08
OO,49585,10.52,15.71,1.2,14.25,0.04,28.39,2013,09
OO,51241,9.03,15.25,1.16,12.2,0.02,25.89,2013,10
OO,47669,8.19,17.26,0.84,11.43,0.29,24.94,2013,11
OO,49886,17.08,16.21,2.81,11.58,0.04,28.28,2013,12
UA,40419,9.56,16.66,2.01,15.04,0.04,17.22,2013,01
UA,38116,10.15,16.87,2.64,14.31,0.02,17.97,2013,02
UA,44062,10.92,17.83,1.59,15.09,0.05,20.31,2013,03
UA,41430,15.59,17.34,2.01,21.15,0.06,22.99,2013,04
UA,42992,12.41,15.91,1.58,20.53,0.02,19.91,2013,05
UA,43550,20.33,18.35,2.55,19.03,0.03,29.57,2013,06
UA,44777,17.6,17.28,2.12,19.93,0.01,25.76,2013,07
UA,44444,12.66,17.09,2.02,15.78,0.04,23.02,2013,08
UA,40682,10.32,17.7,2.83,20.97,0.04,22.91,2013,09
UA,43246,8.72,17.14,0.74,16.2,0.04,18.46,2013,10
UA,40657,8.97,17.85,1.66,14.87,0.55,20.03,2013,11
UA,41423,15.06,19.54,2.28,13.08,0.0,19.04,2013,12
US,33567,8.61,14.72,1.24,17.23,0.17,11.53,2013,01
US,31177,8.77,13.41,1.49,18.13,0.12,11.46,2013,02
US,36210,9.05,14.43,1.02,16.56,0.19,13.85,2013,03
US,34433,9.97,14.11,0.73,19.51,0.16,12.57,2013,04
US,35397,9.33,13.32,1.28,18.86,0.1,12.13,2013,05
US,34930,16.56,15.06,3.48,21.74,0.2,18.31,2013,06
US,35882,14.35,14.9,1.91,19.39,0.15,15.2,2013,07
US,35337,9.9,15.65,0.9,16.29,0.17,13.43,2013,08
US,32512,6.32,17.8,1.19,17.45,0.18,11.16,2013,09
US,35232,6.12,16.76,0.23,14.01,0.12,9.9,2013,10
US,33557,7.09,18.15,0.23,13.13,0.27,12.99,2013,11
US,34139,10.52,16.31,1.1,15.57,0.12,11.61,2013,12
VX,4230,4.12,10.62,5.4,19.75,0.12,12.23,2013,01
VX,3758,7.11,13.01,4.14,24.66,0.0,15.86,2013,02
VX,4303,8.38,9.09,5.66,28.85,0.17,15.32,2013,03
VX,4554,13.62,8.71,3.81,32.85,0.07,18.75,2013,04
VX,5128,14.96,10.6,5.6,25.44,0.06,21.33,2013,05
VX,5105,25.94,10.79,3.38,40.39,0.09,29.74,2013,06
VX,5332,30.06,11.63,3.0,47.79,0.06,32.99,2013,07
VX,5210,13.25,9.49,2.14,26.2,0.08,18.6,2013,08
VX,4759,10.59,7.64,4.04,30.43,0.04,21.69,2013,09
VX,4931,8.61,10.95,2.47,29.14,0.13,24.38,2013,10
VX,4805,9.73,12.79,3.79,22.85,8.36,21.86,2013,11
VX,5018,7.31,12.12,11.01,10.92,0.12,11.85,2013,12
WN,89169,7.18,13.17,1.4,7.36,0.14,18.57,2013,01
WN,83115,6.76,12.34,1.79,7.04,0.11,18.95,2013,02
WN,99142,10.09,11.91,2.05,7.46,0.11,24.67,2013,03
WN,97198,11.26,10.82,2.19,8.14,0.15,25.34,2013,04
WN,98821,11.42,12.04,2.51,7.98,0.1,26.03,2013,05
WN,97405,16.08,14.26,2.79,7.9,0.08,29.2,2013,06
WN,100309,12.83,12.92,2.32,7.76,0.1,25.45,2013,07
WN,96559,13.46,12.47,1.68,6.71,0.06,24.83,2013,08
WN,89994,12.04,11.86,1.83,6.55,0.08,24.66,2013,09
WN,94475,9.96,11.3,0.93,5.92,0.07,21.18,2013,10
WN,89614,10.19,12.99,1.26,5.73,0.08,23.67,2013,11
WN,94903,21.04,13.43,0.83,5.51,0.1,26.31,2013,12
YV,10647,12.16,16.95,2.86,10.19,0.03,34.13,2013,01
YV,9704,10.53,16.06,2.36,9.99,0.27,27.79,2013,02
YV,11397,9.89,13.22,2.34,7.91,0.08,28.82,2013,03
YV,11263,13.75,11.94,0.64,8.54,0.07,39.48,2013,04
YV,12051,18.0,18.41,2.27,7.67,0.23,42.53,2013,05
YV,12165,20.56,14.07,6.1,9.15,0.37,37.89,2013,06
YV,13209,18.01,16.3,1.08,10.16,0.21,34.01,2013,07
YV,13020,14.87,16.7,0.57,8.29,0.25,32.51,2013,08
YV,11655,9.5,20.11,4.02,8.6,0.26,25.26,2013,09
YV,12256,10.13,19.84,1.61,8.27,0.21,23.41,2013,10
YV,11656,11.39,16.21,2.67,8.48,0.39,29.64,2013,11
YV,11899,14.07,20.67,2.87,9.71,0.14,22.0,2013,12
AA,45401,13.42,19.14,5.44,9.83,0.01,22.25,2014,01
AA,41036,14.32,18.25,3.9,14.72,0.01,22.52,2014,02
AA,46270,11.77,18.53,2.56,13.17,0.04,22.37,2014,03
AA,43570,11.02,19.09,2.24,14.39,0.02,21.97,2014,04
AA,45664,14.39,18.12,6.17,15.41,0.02,23.53,2014,05
AA,45825,21.95,16.72,4.85,14.64,0.02,29.57,2014,06
AA,47450,17.21,17.42,3.7,13.45,0.03,25.29,2014,07
AA,46166,17.16,18.29,4.7,13.07,0.02,25.33,2014,08
AA,43271,11.12,19.26,0.78,14.74,0.07,19.14,2014,09
AA,45113,15.34,16.71,2.56,18.2,0.11,23.06,2014,10
AA,42541,13.41,19.23,2.26,10.9,0.05,25.1,2014,11
AA,45390,16.16,20.46,0.6,11.16,0.04,24.55,2014,12
AS,12403,6.54,15.99,3.09,13.87,0.03,19.49,2014,01
AS,11332,7.88,13.0,2.87,18.79,0.22,17.4,2014,02
AS,12932,6.77,17.24,1.54,12.47,0.26,18.1,2014,03
AS,12672,5.81,14.58,0.63,16.67,0.15,17.33,2014,04
AS,13224,5.9,12.9,1.1,15.2,0.1,15.94,2014,05
AS,14171,7.76,14.1,0.81,13.64,0.18,15.43,2014,06
AS,15009,8.6,12.88,1.81,12.76,0.23,17.86,2014,07
AS,15134,8.57,13.53,1.93,12.39,0.32,16.46,2014,08
AS,13297,7.31,15.5,1.51,14.3,0.16,16.71,2014,09
AS,13398,6.58,12.14,1.16,15.25,0.29,12.99,2014,10
AS,13074,7.89,11.37,2.19,13.91,0.09,16.78,2014,11
AS,13611,11.15,13.83,1.0,16.7,0.14,19.62,2014,12
B6,20219,30.98,27.1,8.39,13.32,0.14,33.7,2014,01
B6,18485,19.81,18.28,2.26,15.76,0.17,22.76,2014,02
B6,21478,12.07,17.04,0.96,14.21,0.07,19.33,2014,03
B6,20974,13.09,15.07,0.96,19.89,0.11,20.07,2014,04
B6,21186,13.17,17.49,1.59,18.32,0.17,22.12,2014,05
B6,21224,13.02,16.4,2.45,17.91,0.1,19.95,2014,06
B6,22575,23.27,16.87,3.99,20.62,0.14,27.42,2014,07
B6,22339,12.28,16.08,1.65,13.46,0.32,19.02,2014,08
B6,19079,7.51,14.05,1.32,19.21,0.15,13.99,2014,09
B6,20113,9.27,13.47,1.46,21.59,0.11,15.68,2014,10
B6,20050,10.31,14.26,1.22,17.98,0.09,16.85,2014,11
B6,21971,10.54,15.47,0.28,16.58,0.2,17.04,2014,12
DL,59030,19.94,25.76,10.86,14.55,0.01,21.16,2014,01
DL,54101,11.88,21.95,6.2,14.21,0.02,14.84,2014,02
DL,67093,9.23,22.17,2.33,12.06,0.01,14.69,2014,03
DL,65645,8.7,20.93,2.5,13.13,0.01,14.77,2014,04
DL,68036,9.77,22.22,2.23,16.36,0.14,15.04,2014,05
DL,69621,12.03,20.32,3.24,16.5,0.01,17.33,2014,06
DL,72714,9.11,24.21,4.08,16.69,0.01,16.57,2014,07
DL,72891,10.27,24.79,5.51,15.91,0.03,17.48,2014,08
DL,67051,8.09,18.89,2.06,15.31,0.04,12.9,2014,09
DL,70676,7.45,17.84,1.37,14.86,0.01,14.51,2014,10
DL,66995,7.89,19.81,2.33,15.12,0.05,14.02,2014,11
DL,66522,6.58,23.42,2.45,14.43,0.0,11.77,2014,12
EV,58508,25.55,23.86,3.51,15.21,0.01,29.99,2014,01
EV,53434,23.46,22.3,2.03,13.44,0.02,29.77,2014,02
EV,62014,17.0,20.45,1.31,14.05,0.03,27.34,2014,03
EV,57584,16.04,19.57,1.03,17.79,0.04,27.19,2014,04
EV,59521,18.88,20.69,1.74,19.3,0.07,29.65,2014,05
EV,59381,22.8,18.66,2.41,18.01,0.03,30.4,2014,06
EV,61210,16.32,20.08,1.79,15.52,0.0,26.53,2014,07
EV,59147,16.46,20.14,1.49,16.02,0.0,27.62,2014,08
EV,54964,15.55,18.87,1.11,17.31,0.0,25.35,2014,09
EV,56533,16.1,18.8,0.97,18.4,0.0,26.57,2014,10
EV,51569,11.71,18.88,0.77,16.0,0.0,22.36,2014,11
EV,52156,14.44,19.71,0.78,14.85,0.0,23.43,2014,12
F9,5736,25.75,12.33,2.19,25.39,0.0,25.0,2014,01
F9,5195,21.2,9.77,0.87,23.4,0.0,20.73,2014,02
F9,6040,14.62,9.08,0.72,23.59,0.0,19.01,2014,03
F9,5972,13.85,12.23,0.88,22.05,0.0,25.04,2014,04
F9,7290,17.72,11.15,1.34,27.48,0.0,22.96,2014,05
F9,7561,18.6,11.9,1.46,25.24,0.0,20.24,2014,06
F9,8037,16.02,12.32,1.33,26.3,0.0,20.56,2014,07
F9,8045,16.07,13.64,0.83,23.94,0.0,27.24,2014,08
F9,7857,13.79,13.38,0.44,23.3,0.0,28.85,2014,09
F9,8211,11.29,13.01,0.27,19.18,0.0,29.19,2014,10
F9,7729,18.26,9.6,0.43,26.43,0.0,24.84,2014,11
F9,7801,22.0,12.84,0.37,25.52,0.0,25.56,2014,12
FL,9405,16.43,12.05,1.32,11.51,0.0,26.04,2014,01
FL,8226,10.82,12.56,1.03,11.5,0.0,23.43,2014,02
FL,9309,10.4,12.0,0.88,10.99,0.0,24.28,2014,03
FL,8209,7.61,10.19,0.62,11.71,0.0,20.86,2014,04
FL,7709,8.96,12.45,1.77,13.09,0.0,22.42,2014,05
FL,6916,10.88,11.42,2.75,14.45,0.0,23.32,2014,06
FL,6980,10.2,13.14,2.31,13.31,0.0,26.44,2014,07
FL,6326,10.68,15.76,3.7,14.55,0.0,28.9,2014,08
FL,4863,7.26,12.74,2.36,16.64,0.0,17.24,2014,09
FL,4661,6.79,10.86,0.16,12.81,0.0,22.05,2014,10
FL,3951,5.02,13.26,0.23,12.26,0.0,18.61,2014,11
FL,2940,6.58,14.57,0.15,8.93,0.0,21.49,2014,12
HA,6019,4.03,20.69,4.27,0.83,0.0,10.8,2014,01
HA,5418,5.44,25.6,2.64,0.38,0.0,12.62,2014,02
HA,6073,4.4,25.13,0.22,0.72,0.04,10.59,2014,03
HA,5910,3.75,32.69,0.06,0.35,0.43,14.62,2014,04
HA,6223,3.76,26.16,0.49,0.35,0.05,13.24,2014,05
HA,6399,2.78,29.09,0.21,0.3,0.02,9.12,2014,06
HA,6808,4.18,28.57,0.52,0.69,0.11,12.58,2014,07
HA,6811,4.23,41.62,0.94,0.38,0.06,12.31,2014,08
HA,6179,6.4,35.66,0.16,10.35,0.0,10.71,2014,09
HA,6329,5.75,25.42,0.09,0.55,0.03,13.0,2014,10
HA,6137,5.22,20.05,0.4,1.17,0.0,10.97,2014,11
HA,6426,6.95,27.6,1.06,0.46,0.02,14.8,2014,12
MQ,34382,24.13,16.5,9.58,18.06,0.01,26.29,2014,01
MQ,30938,17.28,16.23,5.0,16.77,0.01,21.64,2014,02
MQ,34669,13.59,13.77,3.91,15.31,0.0,19.32,2014,03
MQ,34044,13.48,13.94,4.86,15.64,0.03,20.76,2014,04
MQ,34962,15.75,15.0,5.01,16.71,0.09,20.6,2014,05
MQ,33509,20.65,13.84,5.12,16.97,0.07,21.67,2014,06
MQ,34024,12.57,14.66,2.77,13.55,0.07,18.55,2014,07
MQ,33241,16.26,12.34,3.98,18.13,0.05,21.65,2014,08
MQ,31269,12.8,13.56,1.84,15.81,0.07,18.96,2014,09
MQ,32010,18.61,12.56,3.04,19.43,0.07,21.36,2014,10
MQ,29169,16.67,13.48,5.13,14.91,0.06,20.82,2014,11
MQ,30484,18.95,14.79,3.66,12.56,0.11,20.78,2014,12
OO,50484,14.39,14.95,2.52,11.45,0.07,27.29,2014,01
OO,45555,16.05,14.83,1.9,13.52,0.04,28.68,2014,02
OO,52847,11.68,15.17,1.24,10.95,0.04,26.69,2014,03
OO,50853,10.97,15.85,1.09,11.34,0.03,27.53,2014,04
OO,52077,12.09,15.84,1.42,12.26,0.06,26.38,2014,05
OO,53173,15.37,17.15,1.65,12.26,0.06,29.94,2014,06
OO,55556,13.03,17.53,1.2,10.71,0.07,27.07,2014,07
OO,55421,13.71,16.35,1.39,12.5,0.07,28.73,2014,08
OO,49135,10.86,15.6,1.12,14.72,0.06,25.28,2014,09
OO,51019,11.45,15.1,0.81,15.28,0.04,26.35,2014,10
OO,47513,14.39,16.27,1.48,13.95,0.07,28.23,2014,11
OO,49397,19.03,16.04,1.52,13.52,0.08,29.22,2014,12
UA,39225,17.29,22.66,5.91,12.33,0.0,22.9,2014,01
UA,36379,17.39,19.56,3.19,15.84,0.0,20.45,2014,02
UA,42492,12.02,19.16,1.68,13.42,0.0,20.69,2014,03
UA,39498,10.27,15.34,1.13,17.62,0.0,17.92,2014,04
UA,42428,15.36,16.92,2.43,20.77,0.0,24.18,2014,05
UA,42886,19.18,17.76,3.33,16.66,0.0,24.68,2014,06
UA,43996,16.05,18.1,3.4,15.52,0.01,25.34,2014,07
UA,42833,14.27,17.2,2.77,15.22,0.0,23.61,2014,08
UA,40219,11.45,15.6,1.87,19.22,0.01,20.16,2014,09
UA,43335,13.32,16.48,1.24,17.41,0.0,19.77,2014,10
UA,39798,11.76,18.78,2.32,14.18,0.0,21.32,2014,11
UA,40439,16.51,18.13,0.82,17.55,0.0,19.83,2014,12
US,34763,10.87,17.06,1.92,14.87,0.1,13.93,2014,01
US,31685,12.09,16.95,2.85,17.53,0.15,14.68,2014,02
US,36447,9.38,18.5,1.21,14.98,0.15,12.96,2014,03
US,34602,8.67,16.98,0.57,15.27,0.21,13.87,2014,04
US,35325,10.07,18.51,2.18,16.59,0.11,15.23,2014,05
US,34954,11.92,17.85,2.73,16.26,0.29,14.17,2014,06
US,36009,13.31,19.44,3.75,17.07,0.18,15.34,2014,07
US,34864,9.25,17.65,2.07,14.9,0.33,13.46,2014,08
US,33030,8.06,17.93,1.83,16.59,0.43,10.7,2014,09
US,35634,8.44,16.0,0.86,16.69,0.09,11.09,2014,10
US,33177,8.65,17.04,0.42,15.06,0.08,11.83,2014,11
US,34175,8.91,14.6,0.29,15.66,0.16,9.85,2014,12
VX,4810,9.6,12.34,6.92,19.0,0.05,20.04,2014,01
VX,4237,25.38,10.3,4.55,49.69,0.3,35.86,2014,02
VX,4712,8.68,9.87,3.3,25.92,0.07,20.69,2014,03
VX,4857,9.97,10.36,3.92,33.53,0.08,19.94,2014,04
VX,4974,11.93,8.02,6.97,26.96,0.28,18.11,2014,05
VX,4954,11.24,10.79,3.58,25.36,0.09,14.64,2014,06
VX,5085,12.16,8.33,3.49,29.97,0.18,15.61,2014,07
VX,4889,8.52,11.26,3.25,17.79,0.13,14.33,2014,08
VX,4554,9.47,9.9,4.25,23.29,0.18,15.83,2014,09
VX,4722,11.21,12.09,3.41,26.09,0.24,19.28,2014,10
VX,4723,11.97,7.32,4.36,31.96,0.05,20.15,2014,11
VX,4993,25.74,9.16,4.27,40.21,0.21,25.87,2014,12
WN,91564,21.62,17.61,1.67,6.95,0.09,33.8,2014,01
WN,84581,14.5,13.54,1.41,6.66,0.04,26.07,2014,02
WN,101382,13.93,13.42,0.91,5.58,0.03,25.7,2014,03
WN,99109,13.11,13.4,0.95,5.61,0.03,25.7,2014,04
WN,100659,15.96,14.45,2.04,6.34,0.04,29.7,2014,05
WN,102043,19.75,15.33,2.21,6.49,0.04,32.01,2014,06
WN,105427,18.14,16.96,2.29,5.89,0.02,30.79,2014,07
WN,99384,13.86,14.95,2.11,6.51,0.06,27.95,2014,08
WN,94721,10.72,14.03,1.93,8.51,0.09,25.92,2014,09
WN,99257,10.03,13.03,1.02,7.34,0.01,24.28,2014,10
WN,95628,10.1,14.56,1.12,6.62,0.06,25.6,2014,11
WN,100878,15.41,14.92,1.05,6.58,0.07,27.53,2014,12
AA,44059,14.17,21.38,2.6,10.54,0.07,23.7,2015,01
AA,39835,14.78,21.0,6.47,15.65,0.06,20.12,2015,02
AA,45966,14.13,22.72,1.89,11.15,0.04,22.57,2015,03
AA,44770,13.81,19.5,5.35,14.57,0.05,24.84,2015,04
AA,44710,14.22,20.91,7.18,14.06,0.05,24.41,2015,05
AA,44360,16.33,22.7,3.71,13.92,0.06,27.52,2015,06
AA,81434,12.25,19.4,2.41,13.27,0.1,23.14,2015,07
AA,79748,11.97,22.13,2.98,13.77,0.18,20.67,2015,08
AA,73379,8.55,21.75,2.6,13.15,0.12,17.49,2015,09
AA,77290,8.72,21.69,3.38,13.75,0.11,18.9,2015,10
AA,73871,9.94,20.06,3.5,14.11,0.38,19.13,2015,11
AA,76562,12.47,20.95,3.29,14.28,0.17,20.02,2015,12
AS,13257,8.78,14.87,3.78,12.03,0.05,20.87,2015,01
AS,12194,8.59,15.74,2.11,13.45,0.11,22.56,2015,02
AS,14276,8.23,17.31,1.29,12.78,0.16,20.03,2015,03
AS,13974,6.05,18.5,1.7,11.82,0.21,16.54,2015,04
AS,14682,5.95,12.56,0.72,13.46,0.23,13.85,2015,05
AS,15075,7.21,19.3,1.95,9.96,0.16,18.3,2015,06
AS,15821,7.75,16.62,1.08,13.77,0.3,17.25,2015,07
AS,16095,9.08,12.81,1.63,15.93,0.48,14.83,2015,08
AS,14271,6.23,17.73,1.18,12.88,0.75,12.87,2015,09
AS,14467,6.16,13.62,1.55,13.81,0.17,14.16,2015,10
AS,13950,7.99,14.11,1.62,15.41,0.18,17.1,2015,11
AS,14459,7.99,15.15,2.1,14.77,0.26,16.31,2015,12
B6,21623,14.67,15.46,1.9,16.34,0.23,21.93,2015,01
B6,19751,24.31,19.13,3.15,15.58,0.16,26.33,2015,02
B6,22590,18.78,18.64,1.73,19.44,0.08,26.73,2015,03
B6,22020,12.23,17.45,1.32,18.3,0.08,22.7,2015,04
B6,22565,10.22,19.18,2.34,20.95,0.16,20.78,2015,05
B6,22558,14.56,16.36,2.31,22.29,0.08,24.81,2015,06
B6,24029,14.3,16.69,1.73,16.25,0.09,24.11,2015,07
B6,23826,16.99,18.48,2.97,14.55,0.67,27.0,2015,08
B6,21133,11.75,16.75,1.97,16.73,0.11,19.14,2015,09
B6,21913,10.99,18.15,0.98,15.74,0.07,17.93,2015,10
B6,21697,9.87,19.24,0.5,14.78,0.2,18.43,2015,11
B6,23343,20.35,21.0,1.62,13.08,0.24,29.03,2015,12
DL,64421,8.13,21.68,5.05,14.61,0.07,14.71,2015,01
DL,60884,13.79,22.01,9.01,14.63,0.01,19.15,2015,02
DL,74166,10.17,22.84,4.79,14.94,0.01,16.79,2015,03
DL,72170,8.51,22.18,3.91,15.25,0.03,16.51,2015,04
DL,74815,9.35,24.74,5.45,17.61,0.02,20.65,2015,05
DL,77255,12.36,21.52,6.1,17.01,0.04,20.88,2015,06
DL,80741,9.91,21.06,3.57,14.89,0.04,18.81,2015,07
DL,80947,9.46,22.02,4.57,14.66,0.02,18.81,2015,08
DL,72063,6.04,24.28,3.53,14.14,0.03,13.94,2015,09
DL,75552,5.16,29.89,1.34,12.05,0.02,13.05,2015,10
DL,72228,6.66,24.64,2.68,13.19,0.11,14.67,2015,11
DL,70639,12.01,23.19,7.75,15.53,0.03,22.6,2015,12
EV,49925,15.08,20.53,1.74,14.95,0.0,23.12,2015,01
EV,45138,16.37,20.13,2.1,14.61,0.0,22.98,2015,02
EV,54190,13.34,20.59,1.49,12.88,0.0,24.07,2015,03
EV,49296,11.83,21.68,1.2,15.44,0.0,21.14,2015,04
EV,49213,14.84,21.95,2.21,16.7,0.0,26.73,2015,05
EV,49119,19.56,22.75,1.83,17.6,0.0,27.04,2015,06
EV,50381,13.47,21.2,1.07,16.04,0.0,24.65,2015,07
EV,48554,12.35,21.95,1.44,15.53,0.0,24.66,2015,08
EV,43721,8.97,22.06,1.23,15.34,0.0,19.94,2015,09
EV,45728,9.74,21.6,0.69,14.25,0.0,21.08,2015,10
EV,42572,12.14,21.93,1.62,16.42,0.0,23.32,2015,11
EV,44140,14.36,24.12,1.38,15.34,0.0,26.99,2015,12
F9,6829,23.58,15.46,0.6,22.52,0.0,30.97,2015,01
F9,5809,31.92,15.91,1.88,26.67,0.0,32.23,2015,02
F9,6950,24.4,15.07,0.76,23.35,0.0,28.03,2015,03
F9,7148,17.73,11.74,0.64,25.76,0.0,21.73,2015,04
F9,8118,18.4,14.39,0.33,25.98,0.0,23.61,2015,05
F9,7893,24.87,14.74,0.82,28.55,0.0,30.44,2015,06
F9,8090,19.71,14.25,0.55,25.5,0.0,24.7,2015,07
F9,8142,15.28,13.04,1.14,25.98,0.0,22.02,2015,08
F9,7873,10.34,16.74,0.63,20.53,0.0,29.67,2015,09
F9,8101,8.81,16.04,0.15,17.15,0.0,19.67,2015,10
F9,7763,17.39,14.27,0.59,24.48,0.0,23.15,2015,11
F9,8120,19.04,16.01,2.57,23.64,0.0,32.83,2015,12
HA,6440,7.3,18.98,1.57,1.9,0.18,16.84,2015,01
HA,5779,9.04,20.63,2.42,0.72,0.02,15.04,2015,02
HA,6313,6.61,23.08,2.31,0.35,0.01,12.06,2015,03
HA,6093,3.93,25.4,0.98,0.25,0.0,8.1,2015,04
HA,6434,4.89,22.72,0.53,1.17,0.0,13.35,2015,05
HA,6677,4.79,26.85,0.11,0.31,0.04,8.11,2015,06
HA,6955,6.03,23.85,0.62,0.53,0.05,13.84,2015,07
HA,6901,10.47,22.62,0.86,0.48,0.04,24.06,2015,08
HA,6154,7.65,18.5,2.88,0.38,0.03,17.25,2015,09
HA,6242,4.94,24.09,0.49,1.86,0.06,11.42,2015,10
HA,6024,3.15,24.23,0.67,0.1,0.0,9.43,2015,11
HA,6260,4.2,32.1,0.4,0.28,0.08,10.06,2015,12
MQ,29900,23.1,15.53,5.71,16.02,0.1,25.98,2015,01
MQ,26940,25.73,13.99,7.34,17.39,0.09,26.32,2015,02
MQ,28146,17.15,18.08,4.5,13.53,0.17,23.02,2015,03
MQ,25695,13.31,15.33,8.24,17.02,0.18,20.48,2015,04
MQ,25431,13.74,18.17,10.16,14.99,0.14,21.2,2015,05
MQ,25407,16.56,16.87,5.46,15.52,0.12,22.33,2015,06
MQ,24750,12.57,16.93,5.04,15.42,0.06,23.58,2015,07
MQ,23881,11.32,21.49,3.73,13.8,0.07,23.04,2015,08
MQ,21202,8.86,19.71,4.58,15.0,0.13,19.99,2015,09
MQ,21982,7.57,25.09,6.1,11.3,0.1,22.64,2015,10
MQ,20305,11.26,23.37,10.01,17.43,0.03,24.32,2015,11
MQ,20993,11.05,17.29,11.95,13.15,0.2,21.66,2015,12
NK,8743,17.57,8.66,0.26,40.03,0.16,10.52,2015,01
NK,8089,22.04,14.96,2.39,24.59,0.07,20.97,2015,02
NK,9400,16.72,15.58,1.44,23.93,0.12,21.12,2015,03
NK,9496,14.74,10.01,1.71,25.51,0.08,16.8,2015,04
NK,10051,27.08,15.83,2.44,23.18,0.21,27.69,2015,05
NK,9826,39.2,20.44,1.42,26.15,0.13,32.16,2015,06
NK,10351,19.65,13.64,1.08,23.04,0.3,22.44,2015,07
NK,10432,25.23,12.95,0.86,34.5,0.08,19.85,2015,08
NK,9948,14.34,15.43,0.81,22.19,0.08,19.05,2015,09
NK,10208,12.96,2.59,0.09,47.3,0.11,4.42,2015,10
NK,10164,13.97,12.42,1.31,25.38,0.17,13.68,2015,11
NK,10671,18.43,14.88,1.05,19.76,0.25,21.17,2015,12
OO,48114,17.02,18.99,2.7,12.02,0.06,30.73,2015,01
OO,43989,15.81,16.65,3.85,12.74,0.05,29.11,2015,02
OO,50078,10.53,17.79,1.98,11.67,0.08,25.31,2015,03
OO,49329,10.28,19.14,1.51,12.43,0.05,25.72,2015,04
OO,49864,10.74,18.73,1.91,12.2,0.09,23.92,2015,05
OO,50307,14.27,20.57,2.54,11.88,0.11,27.51,2015,06
OO,52627,13.06,18.81,1.66,11.54,0.1,27.93,2015,07
OO,52730,11.91,18.66,1.86,11.22,0.15,25.09,2015,08
OO,47625,9.0,20.09,1.55,12.07,0.16,22.99,2015,09
OO,48808,8.74,20.04,1.24,10.71,0.07,22.63,2015,10
OO,47292,12.04,19.02,3.29,14.4,0.07,25.07,2015,11
OO,47590,17.47,19.45,2.88,14.91,0.12,28.63,2015,12
UA,38395,14.29,20.66,3.94,13.57,0.0,19.91,2015,01
UA,36235,14.69,19.22,4.38,13.97,0.0,18.01,2015,02
UA,43603,13.43,20.03,3.56,14.2,0.0,22.12,2015,03
UA,41342,13.17,20.84,2.19,13.97,0.0,24.37,2015,04
UA,44411,15.03,17.93,3.85,14.75,0.04,25.42,2015,05
UA,46084,23.29,21.65,3.02,13.97,0.0,31.15,2015,06
UA,46478,18.21,22.93,2.06,12.12,0.0,30.11,2015,07
UA,45413,13.84,20.29,3.1,13.94,0.08,25.75,2015,08
UA,41778,8.85,20.59,1.86,14.59,0.02,22.68,2015,09
UA,45894,8.36,23.21,1.03,13.8,0.0,24.77,2015,10
UA,42647,11.88,22.2,3.49,18.67,0.01,28.39,2015,11
UA,43443,17.09,24.5,3.96,17.45,0.0,33.47,2015,12
US,33489,10.18,16.75,1.28,16.14,0.17,13.48,2015,01
US,30153,13.73,18.6,3.19,15.92,0.14,15.79,2015,02
US,34516,10.53,15.72,1.65,16.52,0.2,14.59,2015,03
US,32496,9.43,17.33,0.84,15.02,0.09,11.8,2015,04
US,33761,8.48,17.16,1.54,16.72,0.16,14.12,2015,05
US,34300,12.61,18.64,2.74,18.25,0.24,15.59,2015,06
VX,4731,10.12,13.23,5.23,19.72,0.2,16.06,2015,01
VX,4223,15.53,10.89,4.39,28.45,0.02,25.43,2015,02
VX,4873,13.17,12.46,3.87,20.9,0.09,22.83,2015,03
VX,4915,9.33,10.15,5.21,16.17,0.03,18.28,2015,04
VX,5236,13.91,8.49,3.04,21.96,0.07,20.23,2015,05
VX,5260,12.0,12.3,3.71,19.28,0.09,20.4,2015,06
VX,5411,13.22,9.34,2.23,20.43,0.28,19.72,2015,07
VX,5688,11.58,11.07,1.22,18.87,0.16,22.3,2015,08
VX,5154,7.24,11.55,2.38,15.46,0.14,14.57,2015,09
VX,5464,10.4,13.72,1.56,16.71,0.12,24.31,2015,10
VX,5414,8.68,14.17,2.7,13.56,0.26,17.73,2015,11
VX,5534,20.53,9.16,2.06,26.43,0.29,30.43,2015,12
WN,100042,10.49,14.67,1.48,6.91,0.04,24.93,2015,01
WN,90172,10.56,15.15,2.0,7.79,0.02,23.38,2015,02
WN,109245,10.44,17.06,1.45,6.58,0.09,25.6,2015,03
WN,106407,9.81,15.17,1.97,6.94,0.02,24.96,2015,04
WN,107702,12.31,15.98,3.24,6.86,0.03,28.45,2015,05
WN,109776,15.98,17.57,3.34,6.49,0.04,29.28,2015,06
WN,113650,15.78,16.98,1.99,6.89,0.04,30.6,2015,07
WN,108179,12.2,17.3,3.28,7.99,0.05,28.46,2015,08
WN,100645,6.71,15.92,2.51,7.98,0.1,22.39,2015,09
WN,104516,6.97,16.19,2.08,7.97,0.02,23.29,2015,10
WN,104045,8.56,15.63,1.7,7.2,0.08,22.36,2015,11
WN,107476,13.05,15.4,2.04,6.32,0.08,28.49,2015,12
AA,75580,10.7,23.49,2.91,11.84,0.12,17.53,2016,01
AA,71440,10.3,20.01,2.96,17.03,0.09,19.31,2016,02
AA,79119,11.85,19.21,2.26,14.3,0.21,21.3,2016,03
AA,74859,10.25,20.11,3.08,15.63,0.1,19.93,2016,04
AA,78678,12.74,20.76,4.77,15.43,0.11,21.55,2016,05
AA,79648,18.99,21.8,3.92,14.35,0.09,26.63,2016,06
AA,81678,20.32,21.34,4.1,16.1,0.1,27.24,2016,07
AA,80241,19.03,21.95,4.09,16.38,0.2,24.94,2016,08
AA,72460,10.45,19.46,2.71,15.85,0.08,18.25,2016,09
AA,75171,8.45,19.61,0.65,14.34,0.1,16.65,2016,10
AA,71819,8.32,17.49,0.78,15.17,0.14,17.2,2016,11
AA,73802,13.22,20.38,2.68,13.87,0.13,22.23,2016,12
AS,14205,6.98,14.05,2.67,16.11,0.17,16.95,2016,01
AS,13399,5.63,17.19,2.32,13.13,0.19,15.25,2016,02
AS,14781,7.29,13.81,0.62,15.68,0.32,16.41,2016,03
AS,14662,5.72,13.51,0.49,15.59,0.21,13.66,2016,04
AS,15385,5.05,14.84,0.74,14.93,0.22,11.74,2016,05
AS,15730,7.33,12.99,1.34,16.1,0.24,15.32,2016,06
AS,16256,5.84,15.6,1.12,16.64,0.38,11.95,2016,07
AS,16455,6.58,13.34,1.42,16.58,0.39,13.48,2016,08
AS,13858,5.34,14.8,0.93,16.28,0.25,11.82,2016,09
AS,14088,6.83,11.18,1.39,19.34,0.08,15.83,2016,10
AS,13946,6.13,14.18,0.82,14.43,0.18,12.59,2016,11
AS,14515,13.52,12.66,3.36,18.21,0.17,20.34,2016,12
B6,23018,17.28,19.89,1.96,11.06,0.19,24.98,2016,01
B6,21776,23.92,22.31,4.4,16.52,0.13,35.34,2016,02
B6,23825,15.28,19.46,1.08,14.38,0.27,25.46,2016,03
B6,23187,14.63,21.35,0.78,15.78,0.14,29.43,2016,04
B6,24240,11.29,18.75,2.09,13.18,0.14,20.11,2016,05
B6,23845,16.69,17.75,1.91,17.5,0.18,25.6,2016,06
B6,24927,24.32,21.13,3.6,19.99,0.16,31.1,2016,07
B6,24728,18.89,19.27,2.75,17.42,0.24,29.3,2016,08
B6,22396,12.79,15.8,1.99,16.02,0.19,23.08,2016,09
B6,23229,12.39,18.38,1.21,13.18,0.13,21.26,2016,10
B6,22974,9.25,20.79,0.36,14.13,0.09,19.28,2016,11
B6,24328,19.31,20.49,1.69,13.26,0.32,29.98,2016,12
DL,69711,9.46,24.75,6.63,14.5,0.02,17.78,2016,01
DL,67771,9.7,24.71,6.6,16.95,0.04,20.33,2016,02
DL,78210,7.98,25.04,3.03,14.62,0.04,17.42,2016,03
DL,76607,6.65,29.78,2.41,13.13,0.02,17.02,2016,04
DL,80556,7.34,27.2,2.38,11.84,0.05,16.19,2016,05
DL,81517,11.75,23.43,4.63,15.73,0.03,23.02,2016,06
DL,83677,15.13,26.71,6.23,22.04,0.02,25.51,2016,07
DL,84540,17.8,45.24,2.51,15.04,0.11,31.04,2016,08
DL,75475,6.44,25.85,3.6,14.75,0.06,14.8,2016,09
DL,78967,4.54,27.58,0.74,14.2,0.07,11.73,2016,10
DL,74103,5.42,25.49,1.8,14.3,0.07,13.68,2016,11
DL,71612,13.14,25.6,5.56,15.54,0.05,19.28,2016,12
EV,41970,10.92,26.2,1.67,13.33,0.0,21.99,2016,01
EV,39926,13.28,25.49,0.91,15.69,0.0,25.31,2016,02
EV,44584,11.47,25.45,1.46,16.29,0.0,24.26,2016,03
EV,40773,9.32,27.35,1.21,16.0,0.0,21.31,2016,04
EV,41294,11.25,26.08,1.8,17.39,0.0,21.76,2016,05
EV,42975,15.98,32.28,1.46,16.07,0.0,28.42,2016,06
EV,43562,21.99,32.93,1.78,17.79,0.0,33.01,2016,07
EV,43255,19.07,30.28,1.12,16.15,0.0,30.59,2016,08
EV,38994,12.56,31.23,1.19,15.62,0.0,25.2,2016,09
EV,39645,11.07,30.88,1.14,14.84,0.0,23.84,2016,10
EV,36499,13.22,31.41,1.29,15.54,0.0,28.34,2016,11
EV,37513,19.69,30.83,2.15,16.25,0.0,28.64,2016,12
F9,7099,10.65,18.54,1.56,21.09,0.0,30.1,2016,01
F9,6646,9.63,20.15,1.97,20.43,0.0,38.96,2016,02
F9,7057,17.19,17.48,1.89,21.75,0.0,40.63,2016,03
F9,7125,9.12,13.42,0.52,18.48,0.0,28.42,2016,04
F9,7920,14.88,14.39,2.33,20.3,0.0,35.0,2016,05
F9,8107,17.05,15.34,0.62,24.96,0.0,25.36,2016,06
F9,9019,27.84,16.35,0.98,23.42,0.0,32.36,2016,07
F9,8931,22.78,14.61,0.96,18.93,0.0,29.14,2016,08
F9,8646,20.37,18.47,0.76,15.55,0.0,34.64,2016,09
F9,8693,13.9,16.48,0.2,14.77,0.0,28.92,2016,10
F9,7707,7.71,17.44,0.14,14.9,0.0,22.56,2016,11
F9,8171,30.43,25.31,2.74,18.04,0.0,42.2,2016,12
HA,6279,4.18,26.77,1.71,0.53,0.13,7.23,2016,01
HA,5851,4.16,20.89,1.34,0.72,0.07,11.74,2016,02
HA,6355,4.79,16.77,2.19,0.49,0.22,13.31,2016,03
HA,6239,3.37,21.72,0.61,6.41,0.16,10.25,2016,04
HA,6432,4.4,23.27,2.58,1.35,0.0,13.06,2016,05
HA,6731,4.96,27.98,0.35,0.94,0.05,12.14,2016,06
HA,7022,6.85,27.64,1.01,0.98,0.01,19.24,2016,07
HA,7049,4.03,23.42,0.15,0.97,0.04,13.34,2016,08
HA,6178,4.46,21.43,0.36,2.36,0.31,11.58,2016,09
HA,6232,4.45,33.09,0.09,0.48,0.09,14.96,2016,10
HA,6074,4.64,27.35,0.83,0.35,0.02,10.56,2016,11
HA,6347,9.08,31.38,4.99,0.41,0.25,13.07,2016,12
NK,11047,18.63,16.12,1.05,19.18,0.18,21.0,2016,01
NK,10354,24.65,11.82,0.66,38.6,0.07,17.21,2016,02
NK,11246,21.89,0.86,0.05,57.74,0.01,1.03,2016,03
NK,11281,15.39,12.78,1.05,23.67,0.16,19.28,2016,04
NK,11992,13.91,12.05,2.08,24.28,0.16,18.38,2016,05
NK,11605,15.58,13.38,1.35,22.68,0.25,19.86,2016,06
NK,11995,18.56,4.45,0.47,54.97,0.03,8.85,2016,07
NK,11992,21.08,6.99,1.4,52.76,0.18,13.12,2016,08
NK,11151,10.14,1.91,0.15,60.13,0.01,2.62,2016,09
NK,11503,10.61,11.02,0.33,44.19,0.1,13.4,2016,10
NK,11607,9.1,13.8,1.15,28.2,0.1,18.71,2016,11
NK,12426,18.55,16.36,1.14,28.02,0.08,21.05,2016,12
OO,47619,15.17,22.54,2.89,14.31,0.08,28.77,2016,01
OO,45616,12.02,23.74,3.08,13.86,0.08,28.86,2016,02
OO,52057,14.2,21.59,2.58,15.08,0.08,28.61,2016,03
OO,50117,9.09,23.02,2.24,11.83,0.04,25.69,2016,04
OO,51253,10.38,20.82,2.66,15.27,0.08,27.7,2016,05
OO,52850,10.85,25.56,3.08,12.5,0.05,27.32,2016,06
OO,54964,12.54,26.05,3.49,14.29,0.09,28.35,2016,07
OO,54552,13.04,20.85,2.4,14.67,0.09,29.93,2016,08
OO,48976,7.93,21.79,3.94,15.18,0.04,23.69,2016,09
OO,51015,9.9,22.68,2.6,15.34,0.08,25.2,2016,10
OO,47286,10.99,23.34,5.74,14.09,0.08,28.98,2016,11
OO,49628,22.61,25.87,5.27,14.45,0.06,33.32,2016,12
UA,39761,9.67,22.2,2.99,15.8,0.01,20.59,2016,01
UA,38944,10.28,21.04,4.8,22.45,0.0,27.11,2016,02
UA,44250,13.06,20.48,2.58,17.54,0.0,28.38,2016,03
UA,43281,9.79,20.44,2.37,16.77,0.0,28.15,2016,04
UA,45914,11.37,20.07,3.48,17.0,0.0,28.05,2016,05
UA,46424,14.82,20.46,4.09,17.0,0.0,29.31,2016,06
UA,48049,18.03,20.63,5.7,19.35,0.0,31.97,2016,07
UA,49758,15.5,17.9,3.05,17.71,0.16,28.43,2016,08
UA,46935,10.57,20.54,2.2,17.15,0.0,24.58,2016,09
UA,49951,10.97,19.39,0.53,18.42,0.01,25.24,2016,10
UA,46082,9.25,18.96,1.98,17.8,0.0,23.79,2016,11
UA,45718,16.74,19.32,4.95,17.56,0.02,26.85,2016,12
VX,5384,15.66,10.88,1.91,25.93,0.07,24.01,2016,01
VX,4941,10.64,12.34,5.48,24.95,0.37,23.26,2016,02
VX,5635,17.74,10.11,1.94,27.07,0.12,26.02,2016,03
VX,5644,12.95,9.34,2.52,17.76,0.24,20.72,2016,04
VX,5847,14.05,12.76,2.5,18.12,0.09,22.36,2016,05
VX,5919,15.11,12.76,2.83,14.46,0.72,20.41,2016,06
VX,6100,14.82,13.09,2.79,18.96,0.09,20.77,2016,07
VX,6071,14.3,10.38,1.98,18.74,0.22,18.0,2016,08
VX,5726,9.67,10.58,3.03,15.49,0.62,18.11,2016,09
VX,5854,16.34,8.04,2.25,33.37,0.13,22.48,2016,10
VX,5917,9.96,10.44,3.31,16.51,0.06,16.82,2016,11
VX,6083,20.8,11.68,4.45,20.58,0.16,29.29,2016,12
WN,104154,7.57,15.33,1.73,7.15,0.08,22.22,2016,01
WN,97225,6.24,15.57,3.02,8.07,0.06,22.95,2016,02
WN,112003,9.69,12.71,2.19,8.47,0.06,23.82,2016,03
WN,107855,9.9,13.0,1.93,8.37,0.08,24.74,2016,04
WN,109847,10.07,12.36,2.83,7.98,0.08,25.23,2016,05
WN,112286,14.8,15.38,2.57,7.78,0.18,29.21,2016,06
WN,115208,18.03,18.92,3.2,7.95,0.05,32.6,2016,07
WN,110775,10.74,13.21,2.77,8.93,0.14,23.92,2016,08
WN,104083,7.55,12.94,1.88,8.59,0.04,21.95,2016,09
WN,108278,7.33,11.56,0.9,9.57,0.02,20.33,2016,10
WN,106924,6.92,11.96,1.33,8.6,0.14,20.3,2016,11
WN,110806,13.24,13.65,1.57,7.75,0.04,27.12,2016,12
AA,73132,11.98,18.74,2.35,15.37,0.18,18.74,2017,01
AA,67123,8.69,20.93,1.72,15.43,0.05,17.81,2017,02
AA,78114,11.67,19.87,1.26,14.68,0.11,21.1,2017,03
AA,73656,14.13,18.91,1.96,18.4,0.07,24.83,2017,04
AA,77328,12.4,18.39,1.21,18.0,0.09,21.32,2017,05
AA,77129,18.18,18.88,3.92,17.63,0.1,26.61,2017,06
AA,79403,18.38,20.69,4.66,16.07,0.17,27.0,2017,07
AA,79269,13.8,18.68,2.74,16.2,0.15,21.92,2017,08
AA,72061,8.35,21.4,2.5,14.41,0.16,17.91,2017,09
AA,75712,9.05,20.32,1.11,14.88,0.14,18.62,2017,10
AA,69677,6.7,21.91,0.73,10.97,0.57,17.77,2017,11
AA,73744,11.52,20.68,3.42,14.07,0.1,21.08,2017,12
AS,14711,12.29,11.74,3.82,18.62,0.17,19.19,2017,01
AS,13346,12.86,14.55,3.33,20.7,0.09,18.63,2017,02
AS,15422,10.43,12.25,0.97,16.1,0.26,16.22,2017,03
AS,15261,9.72,11.7,0.83,17.67,0.13,15.89,2017,04
AS,16108,8.99,11.76,1.41,18.51,0.15,13.35,2017,05
AS,16378,9.05,12.99,0.87,17.59,0.22,15.14,2017,06
AS,17027,7.45,15.3,1.72,14.01,0.35,14.16,2017,07
AS,16784,8.64,11.85,0.89,17.18,0.43,14.14,2017,08
AS,14934,6.77,14.39,1.04,15.41,0.12,11.53,2017,09
AS,15076,7.44,14.04,0.52,16.91,0.23,15.23,2017,10
AS,14638,9.92,13.08,4.16,18.61,0.44,18.78,2017,11
AS,15383,8.24,13.48,1.94,14.29,0.49,15.32,2017,12
B6,24602,17.81,20.3,1.44,15.22,0.31,29.28,2017,01
B6,22511,15.17,18.22,1.45,14.52,0.15,24.47,2017,02
B6,25975,18.73,19.66,0.82,19.82,0.08,27.47,2017,03
B6,25191,21.16,20.05,0.85,22.58,0.1,33.45,2017,04
B6,25519,25.8,21.2,0.8,25.02,0.12,33.94,2017,05
B6,25333,32.23,20.9,2.64,20.79,0.1,38.57,2017,06
B6,26436,28.84,22.15,2.45,19.79,0.1,36.11,2017,07
B6,26194,22.56,22.19,2.23,16.43,0.2,30.41,2017,08
B6,23957,16.86,20.48,2.12,21.02,0.1,27.6,2017,09
B6,24285,13.2,17.76,1.4,24.02,0.14,23.58,2017,10
B6,23664,7.48,19.33,0.25,13.65,0.74,17.25,2017,11
B6,24987,18.28,22.39,1.93,13.51,0.14,29.43,2017,12
DL,69813,15.22,30.86,9.57,16.84,0.03,21.96,2017,01
DL,65313,6.73,23.48,4.77,16.74,0.02,16.11,2017,02
DL,79070,9.2,24.37,5.0,19.02,0.03,19.36,2017,03
DL,77046,20.66,35.51,15.46,19.61,0.03,30.52,2017,04
DL,80742,11.99,22.11,1.58,21.75,0.03,19.44,2017,05
DL,81033,12.2,22.95,3.44,19.81,0.06,20.28,2017,06
DL,83604,12.26,25.55,3.87,18.76,0.16,20.27,2017,07
DL,84805,8.03,23.57,2.21,16.17,0.09,16.97,2017,08
DL,75505,6.62,27.37,5.55,17.68,0.04,13.7,2017,09
DL,79476,7.27,24.01,1.64,18.74,0.13,16.51,2017,10
DL,74348,3.95,27.7,1.69,13.48,0.09,10.68,2017,11
DL,72805,11.09,27.8,10.58,19.79,0.08,16.35,2017,12
EV,35037,21.77,36.33,1.37,15.79,0.0,31.73,2017,01
EV,30444,12.47,31.71,1.38,16.0,0.0,26.2,2017,02
EV,35235,18.32,34.93,0.98,15.85,0.0,30.42,2017,03
EV,30789,20.6,38.1,1.89,17.96,0.0,32.85,2017,04
EV,30851,18.81,33.95,0.86,21.47,0.0,28.79,2017,05
EV,30131,20.48,30.87,1.3,25.03,0.0,27.91,2017,06
EV,29231,19.25,30.73,1.64,25.03,0.0,26.84,2017,07
EV,28807,16.76,27.5,1.96,21.81,0.0,27.53,2017,08
EV,24040,11.87,28.61,0.62,21.11,0.0,22.36,2017,09
EV,23622,15.67,33.78,1.12,19.6,0.0,27.59,2017,10
EV,20595,9.39,22.51,1.01,19.89,0.0,21.76,2017,11
EV,20759,17.66,24.8,3.57,22.94,0.0,24.64,2017,12
F9,7760,20.72,16.75,0.87,19.07,0.0,31.09,2017,01
F9,6710,11.19,16.67,0.75,15.8,0.0,27.73,2017,02
F9,7745,13.4,13.67,0.99,17.97,0.0,30.2,2017,03
F9,7801,15.48,15.35,0.85,21.72,0.0,34.0,2017,04
F9,8632,15.88,11.92,0.91,20.52,0.0,31.05,2017,05
F9,8913,19.41,15.01,1.17,19.87,0.0,32.68,2017,06
F9,9611,18.98,15.06,1.31,18.52,0.0,39.4,2017,07
F9,9232,16.54,15.68,0.56,18.28,0.0,36.99,2017,08
F9,8662,9.44,19.22,0.54,15.06,0.0,30.93,2017,09
F9,9270,13.8,19.02,0.25,14.97,0.0,39.76,2017,10
F9,9165,9.92,19.38,0.27,11.02,0.0,34.84,2017,11
F9,9526,16.83,18.64,1.29,14.57,0.0,32.52,2017,12
HA,6276,7.88,29.94,0.9,0.25,0.12,14.11,2017,01
HA,5789,12.96,18.3,5.05,1.72,0.03,26.68,2017,02
HA,6596,7.59,20.61,2.48,0.54,0.12,15.89,2017,03
HA,6470,5.58,23.38,0.94,0.35,0.0,12.89,2017,04
HA,6790,5.78,28.27,0.13,1.63,0.03,12.44,2017,05
HA,7076,5.49,29.25,0.02,1.14,0.07,10.99,2017,06
HA,7308,4.2,22.7,0.19,1.11,0.35,12.98,2017,07
HA,7280,4.19,28.49,0.56,0.87,0.02,13.47,2017,08
HA,6571,3.39,31.12,1.31,0.46,0.09,9.49,2017,09
HA,6744,5.38,21.24,2.3,0.3,0.09,14.66,2017,10
HA,6500,5.14,23.06,0.26,0.25,0.03,12.17,2017,11
HA,6772,9.89,21.58,2.0,0.93,0.02,19.42,2017,12
NK,12570,17.13,9.08,0.73,43.84,0.04,12.14,2017,01
NK,11443,11.69,15.1,0.85,30.08,0.09,17.39,2017,02
NK,12882,17.26,17.41,1.21,30.33,0.05,22.05,2017,03
NK,12544,16.81,18.98,0.95,30.85,0.13,23.26,2017,04
NK,13405,19.21,16.58,1.25,31.5,0.16,19.93,2017,05
NK,13486,22.09,14.21,2.5,32.36,0.35,24.35,2017,06
NK,14212,18.07,6.97,1.58,51.1,0.1,11.51,2017,07
NK,14253,13.99,9.86,2.09,38.07,0.12,14.45,2017,08
NK,12919,11.9,21.4,1.99,24.78,0.15,21.71,2017,09
NK,13080,9.48,16.98,1.95,28.32,0.58,24.16,2017,10
NK,12806,6.89,17.59,0.29,25.44,0.72,19.53,2017,11
NK,13218,13.53,16.96,2.12,29.6,0.19,19.16,2017,12
OO,50146,20.42,23.5,4.63,15.19,0.1,31.32,2017,01
OO,46953,15.1,27.31,4.0,16.6,0.07,31.47,2017,02
OO,58100,15.94,24.46,3.92,14.99,0.02,32.33,2017,03
OO,56210,16.02,29.22,3.12,15.32,0.03,33.47,2017,04
OO,58567,13.65,25.82,2.78,15.63,0.01,30.72,2017,05
OO,61567,15.28,29.51,3.37,13.37,0.09,33.35,2017,06
OO,64559,16.81,28.74,2.92,13.42,0.04,35.0,2017,07
OO,66073,18.4,30.1,3.32,14.06,0.08,35.06,2017,08
OO,59781,10.13,27.22,2.79,12.36,0.07,26.98,2017,09
OO,64740,14.15,29.09,3.2,13.82,0.07,31.52,2017,10
OO,59264,11.42,29.74,4.43,13.88,0.19,27.97,2017,11
OO,60567,19.44,28.47,6.79,14.54,0.07,33.62,2017,12
UA,42403,15.56,21.44,2.57,21.19,0.02,24.59,2017,01
UA,40004,13.18,18.83,2.62,23.25,0.0,25.97,2017,02
UA,48497,12.64,17.89,1.32,21.32,0.0,25.53,2017,03
UA,45541,13.23,15.35,1.22,27.26,0.0,25.36,2017,04
UA,49408,13.04,16.31,2.38,27.28,0.0,24.21,2017,05
UA,52015,15.76,18.52,2.91,23.69,0.01,29.32,2017,06
UA,53569,16.95,18.26,4.78,22.43,0.0,34.33,2017,07
UA,55445,14.08,15.09,5.05,22.3,0.01,27.32,2017,08
UA,48875,7.77,16.05,1.58,22.39,0.0,20.13,2017,09
UA,51284,9.93,14.77,2.4,26.37,0.01,23.71,2017,10
UA,48354,7.95,16.4,0.48,23.09,0.0,24.37,2017,11
UA,49086,10.24,16.27,4.14,20.27,0.0,21.44,2017,12
VX,5782,22.35,9.31,3.34,25.09,0.04,24.72,2017,01
VX,5140,21.28,6.94,4.79,29.72,0.09,19.55,2017,02
VX,5817,20.42,7.92,2.29,25.34,0.1,22.1,2017,03
VX,5597,24.35,6.99,2.3,35.04,0.53,22.73,2017,04
VX,5894,25.71,7.39,0.61,29.81,0.13,22.78,2017,05
VX,5970,20.25,12.16,0.83,22.88,0.24,23.04,2017,06
VX,6135,13.96,9.92,1.67,22.44,0.19,18.62,2017,07
VX,6151,20.72,9.1,0.84,27.15,0.12,22.1,2017,08
VX,5808,13.01,10.87,1.11,23.42,0.34,18.65,2017,09
VX,6246,17.87,10.3,0.87,30.98,0.08,23.26,2017,10
VX,6135,12.14,10.26,1.44,22.92,0.37,16.97,2017,11
VX,6306,9.41,16.83,0.42,15.93,0.26,15.19,2017,12
WN,107785,12.92,11.74,2.18,9.7,0.03,25.66,2017,01
WN,95741,8.43,10.58,1.93,9.9,0.01,21.49,2017,02
WN,115144,9.74,10.92,1.74,9.05,0.04,22.54,2017,03
WN,112223,11.23,12.25,1.91,9.66,0.01,26.43,2017,04
WN,113239,12.34,12.52,1.96,9.31,0.03,25.89,2017,05
WN,115235,15.23,13.85,2.78,8.19,0.08,28.47,2017,06
WN,117975,13.82,13.47,2.77,7.92,0.05,27.02,2017,07
WN,116158,15.42,13.49,2.12,7.85,0.04,26.79,2017,08
WN,105614,8.25,13.7,1.92,8.22,0.03,24.46,2017,09
WN,110262,7.73,15.13,0.39,7.3,0.2,20.94,2017,10
WN,109016,6.73,17.61,0.66,5.91,0.39,23.33,2017,11
WN,111052,10.69,15.38,0.93,6.72,0.28,23.85,2017,12
9E,18234,16.45,25.33,12.73,18.68,0.0,28.21,2018,01
9E,17375,17.35,25.22,8.53,19.24,0.0,33.62,2018,02
9E,21272,12.81,22.29,2.34,14.17,0.08,24.92,2018,03
9E,20901,16.6,19.21,4.97,20.33,0.01,34.54,2018,04
9E,21097,12.97,22.12,6.64,20.89,0.0,26.44,2018,05
9E,21948,14.91,20.34,5.41,20.68,0.02,30.42,2018,06
9E,21462,17.92,16.65,6.1,29.41,0.0,32.88,2018,07
9E,22820,20.56,20.37,5.65,32.12,0.03,33.42,2018,08
9E,19676,13.36,16.91,4.16,26.27,0.0,27.32,2018,09
9E,20943,10.85,15.62,2.35,18.17,0.02,25.39,2018,10
9E,19499,15.6,16.5,4.05,18.38,0.05,29.51,2018,11
9E,20690,13.92,23.16,6.45,15.45,0.07,35.56,2018,12
AA,73598,10.39,22.52,3.29,13.36,0.11,20.43,2018,01
AA,68389,11.49,18.35,3.0,16.23,0.07,20.44,2018,02
AA,78208,9.16,21.75,1.57,10.94,0.13,20.15,2018,03
AA,74384,10.11,21.36,2.56,14.0,0.07,21.37,2018,04
AA,77957,14.54,20.88,3.74,15.97,0.05,26.51,2018,05
AA,78363,17.0,20.14,4.52,13.19,0.06,26.38,2018,06
AA,80736,20.01,20.23,4.72,15.07,0.1,27.12,2018,07
AA,80406,18.45,20.45,4.29,17.02,0.07,25.09,2018,08
AA,75129,14.17,21.15,4.34,17.35,0.6,22.5,2018,09
AA,78963,13.96,20.42,3.33,14.21,0.05,24.78,2018,10
AA,74564,12.41,21.93,2.67,14.74,0.09,21.07,2018,11
AA,76121,11.91,19.69,2.98,13.59,0.13,20.25,2018,12
AS,15312,5.57,13.53,1.25,17.27,0.22,13.83,2018,01
AS,14056,7.08,12.87,1.82,16.84,0.21,10.93,2018,02
AS,15937,6.15,10.99,1.63,15.93,0.31,11.5,2018,03
AS,21987,8.76,13.81,0.5,19.04,0.21,13.61,2018,04
AS,22974,9.58,12.87,0.92,21.07,0.13,12.04,2018,05
AS,23248,8.68,14.23,0.81,17.63,0.21,11.69,2018,06
AS,24329,9.22,17.02,0.89,17.89,0.19,13.85,2018,07
AS,23706,14.11,14.59,1.08,22.76,0.19,15.27,2018,08
AS,21129,7.39,13.06,0.66,20.12,0.17,11.19,2018,09
AS,21634,10.26,11.98,1.08,19.0,0.13,15.1,2018,10
AS,20577,11.13,11.76,3.45,21.34,0.17,20.19,2018,11
AS,20872,9.16,12.02,0.83,19.61,0.16,14.43,2018,12
B6,24871,23.75,27.81,2.08,12.73,0.17,33.37,2018,01
B6,22847,15.11,22.79,0.74,12.7,0.08,22.39,2018,02
B6,26500,20.14,22.96,1.3,10.62,0.14,25.6,2018,03
B6,25836,23.05,21.76,1.61,14.87,0.08,31.88,2018,04
B6,26513,19.09,20.59,1.43,15.54,0.12,27.04,2018,05
B6,25860,16.79,19.0,2.26,14.92,0.1,26.47,2018,06
B6,26671,24.55,19.61,3.6,20.31,0.1,32.59,2018,07
B6,26623,26.54,21.55,2.87,22.53,0.21,35.01,2018,08
B6,24427,14.86,18.06,2.32,21.75,0.06,23.06,2018,09
B6,24923,13.33,20.09,0.86,18.53,0.04,20.24,2018,10
B6,24589,20.76,24.23,0.93,17.32,0.11,27.07,2018,11
B6,25350,19.06,28.31,0.42,13.58,0.09,29.1,2018,12
DL,71254,11.39,23.23,13.81,18.92,0.02,22.03,2018,01
DL,66302,8.96,25.96,6.18,16.45,0.07,20.85,2018,02
DL,81365,7.99,23.17,6.08,14.2,0.08,15.28,2018,03
DL,79013,8.81,22.44,3.88,16.9,0.04,16.74,2018,04
DL,81735,9.78,22.21,3.85,17.83,0.08,15.27,2018,05
DL,83653,14.91,25.64,7.65,18.31,0.04,26.06,2018,06
DL,86544,12.9,21.72,6.09,21.76,0.04,24.87,2018,07
DL,87966,12.5,21.91,4.66,21.58,0.06,23.28,2018,08
DL,78075,7.36,21.16,3.2,18.29,0.08,14.97,2018,09
DL,82134,6.12,21.91,2.9,14.47,0.03,14.38,2018,10
DL,76236,10.44,18.35,4.37,16.77,0.01,17.44,2018,11
DL,75006,6.5,21.03,3.95,14.9,0.02,13.42,2018,12
EV,20166,18.27,31.08,3.99,19.37,0.0,27.53,2018,01
EV,17962,19.51,27.69,3.52,23.37,0.0,26.25,2018,02
EV,21016,13.81,31.7,1.38,19.35,0.0,23.64,2018,03
EV,17644,14.65,25.53,2.83,24.64,0.0,25.09,2018,04
EV,16661,13.68,28.12,4.66,28.15,0.0,21.77,2018,05
EV,16559,17.99,29.2,2.97,27.5,0.0,24.09,2018,06
EV,16548,17.95,27.89,2.5,26.7,0.0,26.74,2018,07
EV,17365,20.27,27.89,3.38,27.04,0.0,26.41,2018,08
EV,15456,18.09,23.25,3.14,25.2,0.0,24.94,2018,09
EV,15358,18.5,25.23,2.67,26.13,0.0,22.78,2018,10
EV,14273,23.05,28.64,2.84,26.1,0.0,26.45,2018,11
EV,13882,22.17,24.14,4.29,26.45,0.0,26.09,2018,12
F9,9707,18.76,20.78,0.93,13.3,0.0,40.67,2018,01
F9,8712,19.77,18.84,0.7,15.21,0.0,39.86,2018,02
F9,9377,14.34,19.01,1.1,16.36,0.0,30.07,2018,03
F9,9615,19.01,21.84,0.73,14.4,0.0,41.94,2018,04
F9,10297,22.52,18.95,0.64,15.74,0.0,43.3,2018,05
F9,10207,32.0,21.17,1.21,13.7,0.0,45.71,2018,06
F9,10687,29.05,19.12,1.29,15.05,0.0,38.82,2018,07
F9,10710,28.57,19.19,0.6,14.07,0.0,40.7,2018,08
F9,10352,24.5,24.5,0.38,10.64,0.0,39.13,2018,09
F9,10516,21.35,20.16,0.17,11.7,0.0,34.24,2018,10
F9,9939,19.66,18.59,0.55,14.22,0.0,30.67,2018,11
F9,9916,16.94,20.45,0.26,13.19,0.0,29.81,2018,12
G4,6814,14.73,24.58,5.0,9.59,0.21,27.28,2018,01
G4,7047,16.38,29.16,3.15,10.61,0.21,29.4,2018,02
G4,9276,15.75,27.52,2.23,9.76,0.31,29.39,2018,03
G4,8146,16.23,29.79,2.46,11.21,0.15,29.42,2018,04
G4,8033,20.24,35.04,2.92,10.36,0.14,35.05,2018,05
G4,9776,24.5,31.38,3.87,9.49,0.1,36.85,2018,06
G4,10325,25.67,23.25,5.58,12.97,0.06,35.82,2018,07
G4,8170,16.3,25.86,7.08,9.43,0.17,28.3,2018,08
G4,5724,12.17,26.91,6.68,6.93,0.14,27.9,2018,09
G4,7597,12.9,33.78,2.8,7.35,0.22,30.41,2018,10
G4,7641,15.32,24.92,2.79,11.8,0.22,28.12,2018,11
G4,7672,14.51,17.94,5.6,12.91,0.25,29.22,2018,12
HA,6627,6.28,26.53,4.33,0.88,0.5,11.19,2018,01
HA,5990,10.3,20.84,3.58,0.21,0.01,18.33,2018,02
HA,6871,7.3,23.43,1.34,1.05,0.12,14.19,2018,03
HA,6741,6.95,27.67,2.53,1.92,0.09,13.71,2018,04
HA,7054,5.08,27.6,1.51,0.94,0.03,11.81,2018,05
HA,7303,5.31,32.0,0.6,0.7,0.13,12.05,2018,06
HA,7397,4.2,31.73,0.19,0.83,0.25,8.64,2018,07
HA,7570,6.34,45.39,2.56,1.73,0.14,18.23,2018,08
HA,6920,5.07,39.01,0.41,0.48,0.13,10.62,2018,09
HA,7159,5.06,32.05,1.22,1.89,0.49,10.55,2018,10
HA,6877,4.33,29.47,1.3,1.11,0.09,8.76,2018,11
HA,7214,5.91,26.87,0.61,0.78,0.06,11.57,2018,12
MQ,22502,14.01,15.32,6.2,13.77,0.05,22.54,2018,01
MQ,20681,16.01,12.11,7.51,16.82,0.04,24.55,2018,02
MQ,23685,8.02,16.34,2.76,11.51,0.08,19.85,2018,03
MQ,24068,10.38,13.97,4.58,15.95,0.03,21.17,2018,04
MQ,25364,13.97,15.24,6.64,18.51,0.09,26.66,2018,05
MQ,25961,17.87,15.37,4.64,17.64,0.03,27.3,2018,06
MQ,26139,14.67,13.98,4.08,16.43,0.08,25.98,2018,07
MQ,26429,15.06,12.76,5.48,21.17,0.05,24.36,2018,08
MQ,24836,11.62,13.23,5.96,20.64,0.03,22.06,2018,09
MQ,26147,10.91,12.21,5.32,16.59,0.06,22.03,2018,10
MQ,24593,12.37,12.88,5.36,17.13,0.01,24.66,2018,11
MQ,25596,12.63,13.13,4.67,13.89,0.04,22.04,2018,12
NK,14180,10.61,17.51,1.2,30.12,0.17,17.35,2018,01
NK,12971,14.69,17.77,2.46,36.38,0.12,25.48,2018,02
NK,14841,9.97,16.64,1.89,30.22,0.09,19.85,2018,03
NK,14548,14.61,2.48,0.09,71.65,0.02,4.4,2018,04
NK,14889,16.14,13.26,3.95,38.3,0.17,23.92,2018,05
NK,15433,17.36,6.31,2.28,52.08,0.08,11.61,2018,06
NK,16093,20.94,13.44,4.18,37.66,0.05,22.84,2018,07
NK,16095,22.12,15.54,3.04,36.67,0.24,27.08,2018,08
NK,13917,12.17,16.21,2.27,37.1,0.15,21.62,2018,09
NK,13780,7.53,12.76,1.12,35.26,0.24,14.11,2018,10
NK,14418,12.31,14.25,0.88,33.42,0.73,15.66,2018,11
NK,15013,10.38,15.91,1.41,29.01,0.11,15.94,2018,12
OH,22210,16.68,18.03,3.27,9.28,0.14,32.15,2018,01
OH,20546,18.28,15.25,5.29,8.18,0.12,37.17,2018,02
OH,23295,12.01,17.15,1.93,7.55,0.06,26.22,2018,03
OH,23303,12.54,16.96,2.45,9.35,0.16,30.12,2018,04
OH,23869,17.03,16.49,6.03,12.0,0.09,34.27,2018,05
OH,23760,24.29,28.6,4.57,10.44,0.08,38.02,2018,06
OH,24352,17.63,15.18,6.5,12.46,0.08,34.96,2018,07
OH,24387,18.2,15.9,6.7,14.38,0.04,34.21,2018,08
OH,22939,12.27,15.72,5.49,12.18,0.06,31.41,2018,09
OH,23969,9.41,20.52,2.04,9.19,0.05,29.98,2018,10
OH,22766,12.63,17.97,1.94,9.18,0.08,34.14,2018,11
OH,23061,11.13,17.34,2.38,8.74,0.14,28.18,2018,12
OO,62194,20.11,29.82,5.95,13.46,0.15,36.25,2018,01
OO,55986,18.06,24.83,6.57,15.89,0.03,32.12,2018,02
OO,64597,12.57,23.71,4.22,16.07,0.06,26.21,2018,03
OO,62861,11.86,21.91,5.77,15.1,0.04,26.49,2018,04
OO,65157,15.84,23.2,8.57,19.12,0.22,30.95,2018,05
OO,66909,17.37,24.52,6.52,16.49,0.02,33.77,2018,06
OO,69455,15.08,25.59,6.69,13.59,0.08,29.71,2018,07
OO,70727,19.22,26.32,5.71,16.99,0.09,32.95,2018,08
OO,62749,11.67,24.23,7.21,15.01,0.05,26.89,2018,09
OO,66562,12.42,24.76,5.45,14.55,0.07,26.59,2018,10
OO,62263,15.99,21.92,7.06,17.57,0.07,28.16,2018,11
OO,64677,16.73,26.16,7.44,14.51,0.08,29.37,2018,12
UA,45384,9.37,16.32,5.34,20.11,0.0,22.19,2018,01
UA,41650,9.91,13.81,4.66,23.72,0.04,19.08,2018,02
UA,49800,9.9,16.72,3.35,21.72,0.0,23.35,2018,03
UA,49937,11.53,15.95,2.96,22.26,0.0,26.34,2018,04
UA,52816,15.87,15.35,4.66,25.75,0.0,27.85,2018,05
UA,55056,18.41,15.86,3.97,20.58,0.0,31.54,2018,06
UA,57209,19.37,17.59,4.73,20.21,0.0,33.55,2018,07
UA,57921,22.94,16.44,5.36,24.05,0.0,32.61,2018,08
UA,52905,13.03,16.22,5.17,23.65,0.0,24.6,2018,09
UA,55565,11.58,14.61,2.29,19.79,0.0,22.17,2018,10
UA,51792,15.5,15.17,4.62,22.54,0.0,25.37,2018,11
UA,51530,12.99,15.96,1.56,19.89,0.0,24.95,2018,12
VX,5824,8.98,14.3,0.84,23.63,0.3,11.01,2018,01
VX,5322,9.3,14.66,0.11,19.81,0.08,13.32,2018,02
VX,6524,16.93,16.48,0.59,25.43,0.28,16.71,2018,03
WN,109676,8.41,14.04,0.81,8.88,0.13,21.55,2018,01
WN,97017,10.81,14.11,0.81,8.63,0.12,21.64,2018,02
WN,116420,10.63,15.78,0.82,7.06,0.16,23.62,2018,03
WN,114117,12.24,16.73,0.87,7.13,0.09,26.37,2018,04
WN,116849,13.32,15.96,1.58,8.59,0.12,27.55,2018,05
WN,115939,12.75,16.47,1.9,8.28,0.16,27.34,2018,06
WN,120114,14.65,16.69,2.27,9.17,0.16,27.84,2018,07
WN,115534,12.51,17.0,2.08,10.47,0.11,25.55,2018,08
WN,106972,8.18,15.69,1.92,10.2,0.38,22.96,2018,09
WN,114663,8.64,15.2,0.99,8.22,0.11,22.25,2018,10
WN,112224,9.68,16.32,1.09,7.55,0.12,23.45,2018,11
WN,113027,11.01,16.39,0.73,6.63,0.25,23.87,2018,12
YV,16353,13.12,28.77,4.22,11.06,0.11,23.36,2018,01
YV,14630,17.13,21.14,7.62,12.81,0.17,29.13,2018,02
YV,16075,8.64,25.41,4.03,9.15,0.19,20.88,2018,03
YV,16726,9.87,27.82,4.08,11.67,0.1,22.3,2018,04
YV,17866,12.68,23.71,6.61,12.73,0.06,32.12,2018,05
YV,18527,14.78,23.03,7.12,9.54,0.09,32.18,2018,06
YV,19702,18.42,21.48,7.87,11.19,0.07,32.27,2018,07
YV,19986,18.84,26.47,7.45,10.61,0.1,34.02,2018,08
YV,18926,20.89,24.64,7.56,10.47,0.5,35.1,2018,09
YV,19306,20.49,25.87,6.89,11.18,0.2,33.54,2018,10
YV,18465,16.21,24.83,3.6,8.72,0.08,28.11,2018,11
YV,18576,17.63,27.29,6.37,11.0,0.09,29.9,2018,12
YX,25212,12.74,14.78,5.2,19.08,0.05,22.2,2018,01
YX,23248,11.54,13.74,2.19,21.96,0.09,21.27,2018,02
YX,26928,9.49,13.4,2.14,17.33,0.05,21.31,2018,03
YX,26219,12.45,14.55,4.13,22.68,0.02,25.29,2018,04
YX,27398,12.6,14.41,4.34,23.58,0.05,23.99,2018,05
YX,27691,15.13,17.37,3.23,20.94,0.03,25.22,2018,06
YX,27536,15.87,14.54,3.85,27.17,0.02,26.76,2018,07
YX,28258,16.57,14.05,3.84,27.79,0.07,26.92,2018,08
YX,25617,12.27,12.15,3.06,26.28,0.02,23.42,2018,09
YX,26882,10.74,12.24,1.27,22.32,0.03,20.79,2018,10
YX,25462,13.18,14.14,2.19,21.32,0.06,23.3,2018,11
YX,25639,10.71,13.38,2.3,19.88,0.03,21.98,2018,12
